MSSV,Mã MH,Tên môn,Lớp,Nhóm,Khoa,Cơ sở
1030001,ACCO1329,Kiểm toán 1,DH20KT01,AC2001,KK,NK
1030002,ACCO1329,Kiểm toán 1,DH20KT02,AC2002,KK,NK
1030003,ACCO1329,Kiểm toán 1,DH20KT02,AC2002,KK,NK
1030004,ACCO1329,Kiểm toán 1,DH20KT02,AC2002,KK,NK
1030005,ACCO1329,Kiểm toán 1,DH20KT02,AC2002,KK,NK
1030006,ACCO1329,Kiểm toán 1,DH20KT02,AC2002,KK,NK
1030007,ACCO1329,Kiểm toán 1,DH20KT01,AC2001,KK,NK
1030008,ACCO1329,Kiểm toán 1,DH20KT02,AC2002,KK,NK
1030009,ACCO1329,Kiểm toán 1,DH20KT01,AC2001,KK,NK
1030010,ACCO1329,Kiểm toán 1,DH20KT02,AC2002,KK,NK
1030011,ACCO1329,Kiểm toán 1,DH20KT02,AC2002,KK,NK
1030012,ACCO1329,Kiểm toán 1,DH20KT01,AC2001,KK,NK
1030013,ACCO1329,Kiểm toán 1,DH20KT02,AC2002,KK,NK
1030014,ACCO1329,Kiểm toán 1,DH20KT02,AC2002,KK,NK
1030015,ACCO1329,Kiểm toán 1,DH20KT01,AC2001,KK,NK
1030016,ACCO1329,Kiểm toán 1,DH20KT02,AC2002,KK,NK
1030017,ACCO1329,Kiểm toán 1,DH20KT01,AC2001,KK,NK
1030018,ACCO1329,Kiểm toán 1,DH20KT02,AC2002,KK,NK
1030019,ACCO1329,Kiểm toán 1,DH20KT01,AC2001,KK,NK
1030020,ACCO1329,Kiểm toán 1,DH20KT01,AC2001,KK,NK
1030021,ACCO1329,Kiểm toán 1,DH20KT01,AC2001,KK,NK
1030022,ACCO1329,Kiểm toán 1,DH20KT02,AC2002,KK,NK
1030023,ACCO1329,Kiểm toán 1,DH20KT01,AC2001,KK,NK
1030024,ACCO1329,Kiểm toán 1,DH20KT01,AC2001,KK,NK
1030025,ACCO1329,Kiểm toán 1,DH20KT02,AC2002,KK,NK
1030026,ACCO1329,Kiểm toán 1,DH20KT01,AC2001,KK,NK
1030027,ACCO1329,Kiểm toán 1,DH20KT01,AC2001,KK,NK
1030028,ACCO1329,Kiểm toán 1,DH20KT01,AC2001,KK,NK
1030029,ACCO1329,Kiểm toán 1,DH20KT02,AC2002,KK,NK
1030030,ACCO1329,Kiểm toán 1,DH20KT01,AC2001,KK,NK
1030001,ACCO1330,Kế toán quản trị,DH20KT01,AC2001,KK,NK
1030002,ACCO1330,Kế toán quản trị,DH20KT02,AC2002,KK,NK
1030003,ACCO1330,Kế toán quản trị,DH20KT01,AC2001,KK,NK
1030004,ACCO1330,Kế toán quản trị,DH20KT02,AC2002,KK,NK
1030005,ACCO1330,Kế toán quản trị,DH20KT01,AC2001,KK,NK
1030006,ACCO1330,Kế toán quản trị,DH20KT02,AC2002,KK,NK
1030007,ACCO1330,Kế toán quản trị,DH20KT01,AC2001,KK,NK
1030008,ACCO1330,Kế toán quản trị,DH20KT02,AC2002,KK,NK
1030009,ACCO1330,Kế toán quản trị,DH20KT02,AC2002,KK,NK
1030010,ACCO1330,Kế toán quản trị,DH20KT02,AC2002,KK,NK
1030011,ACCO1330,Kế toán quản trị,DH20KT02,AC2002,KK,NK
1030012,ACCO1330,Kế toán quản trị,DH20KT02,AC2002,KK,NK
1030013,ACCO1330,Kế toán quản trị,DH20KT02,AC2002,KK,NK
1030014,ACCO1330,Kế toán quản trị,DH20KT02,AC2002,KK,NK
1030015,ACCO1330,Kế toán quản trị,DH20KT02,AC2002,KK,NK
1030016,ACCO1330,Kế toán quản trị,DH20KT01,AC2001,KK,NK
1030017,ACCO1330,Kế toán quản trị,DH20KT01,AC2001,KK,NK
1030018,ACCO1330,Kế toán quản trị,DH20KT02,AC2002,KK,NK
1030019,ACCO1330,Kế toán quản trị,DH20KT01,AC2001,KK,NK
1030020,ACCO1330,Kế toán quản trị,DH20KT01,AC2001,KK,NK
1030021,ACCO1330,Kế toán quản trị,DH20KT01,AC2001,KK,NK
1030022,ACCO1330,Kế toán quản trị,DH20KT02,AC2002,KK,NK
1030023,ACCO1330,Kế toán quản trị,DH20KT02,AC2002,KK,NK
1030024,ACCO1330,Kế toán quản trị,DH20KT01,AC2001,KK,NK
1030025,ACCO1330,Kế toán quản trị,DH20KT01,AC2001,KK,NK
1030026,ACCO1330,Kế toán quản trị,DH20KT01,AC2001,KK,NK
1030027,ACCO1330,Kế toán quản trị,DH20KT02,AC2002,KK,NK
1030028,ACCO1330,Kế toán quản trị,DH20KT01,AC2001,KK,NK
1030029,ACCO1330,Kế toán quản trị,DH20KT01,AC2001,KK,NK
1030030,ACCO1330,Kế toán quản trị,DH20KT01,AC2001,KK,NK
1030001,ACCO1333,Hệ thống thông tin kế toán 2,DH20KK02,AU2002,KK,NK
1030002,ACCO1333,Hệ thống thông tin kế toán 2,DH20KK02,AU2002,KK,NK
1030003,ACCO1333,Hệ thống thông tin kế toán 2,DH20KK01,AU2001,KK,NK
1030004,ACCO1333,Hệ thống thông tin kế toán 2,DH20KK01,AU2001,KK,NK
1030005,ACCO1333,Hệ thống thông tin kế toán 2,DH20KK02,AU2002,KK,NK
1030006,ACCO1333,Hệ thống thông tin kế toán 2,DH20KK01,AU2001,KK,NK
1030007,ACCO1333,Hệ thống thông tin kế toán 2,DH20KK01,AU2001,KK,NK
1030008,ACCO1333,Hệ thống thông tin kế toán 2,DH20KK01,AU2001,KK,NK
1030009,ACCO1333,Hệ thống thông tin kế toán 2,DH20KK01,AU2001,KK,NK
1030010,ACCO1333,Hệ thống thông tin kế toán 2,DH20KK02,AU2002,KK,NK
1030011,ACCO1333,Hệ thống thông tin kế toán 2,DH20KK02,AU2002,KK,NK
1030012,ACCO1333,Hệ thống thông tin kế toán 2,DH20KK02,AU2002,KK,NK
1030013,ACCO1333,Hệ thống thông tin kế toán 2,DH20KK02,AU2002,KK,NK
1030014,ACCO1333,Hệ thống thông tin kế toán 2,DH20KK01,AU2001,KK,NK
1030015,ACCO1333,Hệ thống thông tin kế toán 2,DH20KK01,AU2001,KK,NK
1030016,ACCO1333,Hệ thống thông tin kế toán 2,DH20KK01,AU2001,KK,NK
1030017,ACCO1333,Hệ thống thông tin kế toán 2,DH20KK01,AU2001,KK,NK
1030018,ACCO1333,Hệ thống thông tin kế toán 2,DH20KK02,AU2002,KK,NK
1030019,ACCO1333,Hệ thống thông tin kế toán 2,DH20KK02,AU2002,KK,NK
1030020,ACCO1333,Hệ thống thông tin kế toán 2,DH20KK02,AU2002,KK,NK
1030021,ACCO1333,Hệ thống thông tin kế toán 2,DH20KK01,AU2001,KK,NK
1030022,ACCO1333,Hệ thống thông tin kế toán 2,DH20KK01,AU2001,KK,NK
1030023,ACCO1333,Hệ thống thông tin kế toán 2,DH20KK02,AU2002,KK,NK
1030024,ACCO1333,Hệ thống thông tin kế toán 2,DH20KK02,AU2002,KK,NK
1030025,ACCO1333,Hệ thống thông tin kế toán 2,DH20KK02,AU2002,KK,NK
1030026,ACCO1333,Hệ thống thông tin kế toán 2,DH20KK01,AU2001,KK,NK
1030027,ACCO1333,Hệ thống thông tin kế toán 2,DH20KK01,AU2001,KK,NK
1030028,ACCO1333,Hệ thống thông tin kế toán 2,DH20KK02,AU2002,KK,NK
1030029,ACCO1333,Hệ thống thông tin kế toán 2,DH20KK02,AU2002,KK,NK
1030030,ACCO1333,Hệ thống thông tin kế toán 2,DH20KK01,AU2001,KK,NK
1030001,ACCO1337,Kế toán thuế 1,DH20KT02,AC2002,KK,NK
1030002,ACCO1337,Kế toán thuế 1,DH20KT02,AC2002,KK,NK
1030003,ACCO1337,Kế toán thuế 1,DH20KT01,AC2001,KK,NK
1030004,ACCO1337,Kế toán thuế 1,DH20KT01,AC2001,KK,NK
1030005,ACCO1337,Kế toán thuế 1,DH20KT02,AC2002,KK,NK
1030006,ACCO1337,Kế toán thuế 1,DH20KT01,AC2001,KK,NK
1030007,ACCO1337,Kế toán thuế 1,DH20KT01,AC2001,KK,NK
1030008,ACCO1337,Kế toán thuế 1,DH20KT02,AC2002,KK,NK
1030009,ACCO1337,Kế toán thuế 1,DH20KT02,AC2002,KK,NK
1030010,ACCO1337,Kế toán thuế 1,DH20KT02,AC2002,KK,NK
1030011,ACCO1337,Kế toán thuế 1,DH20KT02,AC2002,KK,NK
1030012,ACCO1337,Kế toán thuế 1,DH20KT02,AC2002,KK,NK
1030013,ACCO1337,Kế toán thuế 1,DH20KT02,AC2002,KK,NK
1030014,ACCO1337,Kế toán thuế 1,DH20KT01,AC2001,KK,NK
1030015,ACCO1337,Kế toán thuế 1,DH20KT01,AC2001,KK,NK
1030016,ACCO1337,Kế toán thuế 1,DH20KT01,AC2001,KK,NK
1030017,ACCO1337,Kế toán thuế 1,DH20KT01,AC2001,KK,NK
1030018,ACCO1337,Kế toán thuế 1,DH20KT01,AC2001,KK,NK
1030019,ACCO1337,Kế toán thuế 1,DH20KT01,AC2001,KK,NK
1030020,ACCO1337,Kế toán thuế 1,DH20KT02,AC2002,KK,NK
1030021,ACCO1337,Kế toán thuế 1,DH20KT01,AC2001,KK,NK
1030022,ACCO1337,Kế toán thuế 1,DH20KT02,AC2002,KK,NK
1030023,ACCO1337,Kế toán thuế 1,DH20KT01,AC2001,KK,NK
1030024,ACCO1337,Kế toán thuế 1,DH20KT02,AC2002,KK,NK
1030025,ACCO1337,Kế toán thuế 1,DH20KT02,AC2002,KK,NK
1030026,ACCO1337,Kế toán thuế 1,DH20KT02,AC2002,KK,NK
1030027,ACCO1337,Kế toán thuế 1,DH20KT01,AC2001,KK,NK
1030028,ACCO1337,Kế toán thuế 1,DH20KT01,AC2001,KK,NK
1030029,ACCO1337,Kế toán thuế 1,DH20KT01,AC2001,KK,NK
1030030,ACCO1337,Kế toán thuế 1,DH20KT02,AC2002,KK,NK
1020001,BADM1390,Khởi nghiệp,DH20IT02,IT2002,QT,NK
1020002,BADM1390,Khởi nghiệp,DH20IT02,IT2002,QT,NK
1020003,BADM1390,Khởi nghiệp,DH20IT02,IT2002,QT,NK
1020004,BADM1390,Khởi nghiệp,DH20ITJ1 DH20IT01,IT2001,QT,NK
1020005,BADM1390,Khởi nghiệp,DH20ITJ1 DH20IT01,IT2001,QT,NK
1020006,BADM1390,Khởi nghiệp,DH20ITJ1 DH20IT01,IT2001,QT,NK
1020007,BADM1390,Khởi nghiệp,DH20ITJ1 DH20IT01,IT2001,QT,NK
1020008,BADM1390,Khởi nghiệp,DH20IT02,IT2002,QT,NK
1020009,BADM1390,Khởi nghiệp,DH20IT02,IT2002,QT,NK
1020010,BADM1390,Khởi nghiệp,DH20IT02,IT2002,QT,NK
1020011,BADM1390,Khởi nghiệp,DH20IT02,IT2002,QT,NK
1020012,BADM1390,Khởi nghiệp,DH20ITJ1 DH20IT01,IT2001,QT,NK
1020013,BADM1390,Khởi nghiệp,DH20IT02,IT2002,QT,NK
1020014,BADM1390,Khởi nghiệp,DH20ITJ1 DH20IT01,IT2001,QT,NK
1020015,BADM1390,Khởi nghiệp,DH20ITJ1 DH20IT01,IT2001,QT,NK
1020016,BADM1390,Khởi nghiệp,DH20IT02,IT2002,QT,NK
1020017,BADM1390,Khởi nghiệp,DH20ITJ1 DH20IT01,IT2001,QT,NK
1020018,BADM1390,Khởi nghiệp,DH20IT02,IT2002,QT,NK
1020019,BADM1390,Khởi nghiệp,DH20ITJ1 DH20IT01,IT2001,QT,NK
1020020,BADM1390,Khởi nghiệp,DH20IT02,IT2002,QT,NK
1020021,BADM1390,Khởi nghiệp,DH20ITJ1 DH20IT01,IT2001,QT,NK
1020022,BADM1390,Khởi nghiệp,DH20IT02,IT2002,QT,NK
1020023,BADM1390,Khởi nghiệp,DH20ITJ1 DH20IT01,IT2001,QT,NK
1020024,BADM1390,Khởi nghiệp,DH20IT02,IT2002,QT,NK
1020025,BADM1390,Khởi nghiệp,DH20ITJ1 DH20IT01,IT2001,QT,NK
1020026,BADM1390,Khởi nghiệp,DH20IT02,IT2002,QT,NK
1020027,BADM1390,Khởi nghiệp,DH20IT02,IT2002,QT,NK
1020028,BADM1390,Khởi nghiệp,DH20ITJ1 DH20IT01,IT2001,QT,NK
1020029,BADM1390,Khởi nghiệp,DH20ITJ1 DH20IT01,IT2001,QT,NK
1020030,BADM1390,Khởi nghiệp,DH20ITJ1 DH20IT01,IT2001,QT,NK
1030003,BADM1390,Khởi nghiệp,DH20IT02,IT2002,QT,NK
1030004,BADM1390,Khởi nghiệp,DH20IT02,IT2002,QT,NK
1030006,BADM1390,Khởi nghiệp,DH20IT02,IT2002,QT,NK
1030007,BADM1390,Khởi nghiệp,DH20IT02,IT2002,QT,NK
1030010,BADM1390,Khởi nghiệp,DH20IT02,IT2002,QT,NK
1030011,BADM1390,Khởi nghiệp,DH20IT02,IT2002,QT,NK
1030016,BADM1390,Khởi nghiệp,DH20IT02,IT2002,QT,NK
1030017,BADM1390,Khởi nghiệp,DH20IT02,IT2002,QT,NK
1030023,BADM1390,Khởi nghiệp,DH20IT02,IT2002,QT,NK
1030028,BADM1390,Khởi nghiệp,DH20IT02,IT2002,QT,NK
1110007,BADM1390,Khởi nghiệp,DH20IT02,IT2002,QT,NK
1110009,BADM1390,Khởi nghiệp,DH20IT02,IT2002,QT,NK
1110018,BADM1390,Khởi nghiệp,DH20IT02,IT2002,QT,NK
1110028,BADM1390,Khởi nghiệp,DH20IT02,IT2002,QT,NK
1100003,BADM1390,Khởi nghiệp,DH20IT02,IT2002,QT,NK
1100004,BADM1390,Khởi nghiệp,DH20IT02,IT2002,QT,NK
1100005,BADM1390,Khởi nghiệp,DH20IT02,IT2002,QT,NK
1100008,BADM1390,Khởi nghiệp,DH20IT02,IT2002,QT,NK
1100010,BADM1390,Khởi nghiệp,DH20IT02,IT2002,QT,NK
1100011,BADM1390,Khởi nghiệp,DH20IT02,IT2002,QT,NK
1100016,BADM1390,Khởi nghiệp,DH20IT02,IT2002,QT,NK
1100017,BADM1390,Khởi nghiệp,DH20IT02,IT2002,QT,NK
1100020,BADM1390,Khởi nghiệp,DH20IT02,IT2002,QT,NK
1100022,BADM1390,Khởi nghiệp,DH20IT02,IT2002,QT,NK
1100023,BADM1390,Khởi nghiệp,DH20IT02,IT2002,QT,NK
1100026,BADM1390,Khởi nghiệp,DH20IT02,IT2002,QT,NK
1080015,BADM1390,Khởi nghiệp,DH20IT02,IT2002,QT,NK
1080026,BADM1390,Khởi nghiệp,DH20IT02,IT2002,QT,NK
1070007,BADM1390,Khởi nghiệp,DH20IT02,IT2002,QT,NK
1070011,BADM1390,Khởi nghiệp,DH20IT02,IT2002,QT,NK
1070012,BADM1390,Khởi nghiệp,DH20IT02,IT2002,QT,NK
1070015,BADM1390,Khởi nghiệp,DH20IT02,IT2002,QT,NK
1070016,BADM1390,Khởi nghiệp,DH20IT02,IT2002,QT,NK
1070019,BADM1390,Khởi nghiệp,DH20IT02,IT2002,QT,NK
1070021,BADM1390,Khởi nghiệp,DH20IT02,IT2002,QT,NK
1070024,BADM1390,Khởi nghiệp,DH20IT02,IT2002,QT,NK
1070025,BADM1390,Khởi nghiệp,DH20IT02,IT2002,QT,NK
1010001,BIOT2346,Công nghệ tế bào,DH20SH01,BT2001,SH,NK
1010002,BIOT2346,Công nghệ tế bào,DH20SH01,BT2001,SH,NK
1010003,BIOT2346,Công nghệ tế bào,DH20SH01,BT2001,SH,NK
1010004,BIOT2346,Công nghệ tế bào,DH20SH01,BT2001,SH,NK
1010005,BIOT2346,Công nghệ tế bào,DH20SH01,BT2001,SH,NK
1010006,BIOT2346,Công nghệ tế bào,DH20SH01,BT2001,SH,NK
1010007,BIOT2346,Công nghệ tế bào,DH20SH02,BT2002,SH,NK
1010008,BIOT2346,Công nghệ tế bào,DH20SH02,BT2002,SH,NK
1010009,BIOT2346,Công nghệ tế bào,DH20SH01,BT2001,SH,NK
1010010,BIOT2346,Công nghệ tế bào,DH20SH02,BT2002,SH,NK
1010011,BIOT2346,Công nghệ tế bào,DH20SH02,BT2002,SH,NK
1010012,BIOT2346,Công nghệ tế bào,DH20SH02,BT2002,SH,NK
1010013,BIOT2346,Công nghệ tế bào,DH20SH01,BT2001,SH,NK
1010014,BIOT2346,Công nghệ tế bào,DH20SH02,BT2002,SH,NK
1010015,BIOT2346,Công nghệ tế bào,DH20SH01,BT2001,SH,NK
1010016,BIOT2346,Công nghệ tế bào,DH20SH02,BT2002,SH,NK
1010017,BIOT2346,Công nghệ tế bào,DH20SH02,BT2002,SH,NK
1010018,BIOT2346,Công nghệ tế bào,DH20SH02,BT2002,SH,NK
1010019,BIOT2346,Công nghệ tế bào,DH20SH02,BT2002,SH,NK
1010020,BIOT2346,Công nghệ tế bào,DH20SH02,BT2002,SH,NK
1010021,BIOT2346,Công nghệ tế bào,DH20SH01,BT2001,SH,NK
1010022,BIOT2346,Công nghệ tế bào,DH20SH02,BT2002,SH,NK
1010023,BIOT2346,Công nghệ tế bào,DH20SH01,BT2001,SH,NK
1010024,BIOT2346,Công nghệ tế bào,DH20SH02,BT2002,SH,NK
1010025,BIOT2346,Công nghệ tế bào,DH20SH01,BT2001,SH,NK
1010026,BIOT2346,Công nghệ tế bào,DH20SH01,BT2001,SH,NK
1010027,BIOT2346,Công nghệ tế bào,DH20SH02,BT2002,SH,NK
1010028,BIOT2346,Công nghệ tế bào,DH20SH01,BT2001,SH,NK
1010029,BIOT2346,Công nghệ tế bào,DH20SH01,BT2001,SH,NK
1010030,BIOT2346,Công nghệ tế bào,DH20SH02,BT2002,SH,NK
1010001,BIOT2403,Công nghệ vi sinh,DH20SH02,BT2002,SH,NK
1010002,BIOT2403,Công nghệ vi sinh,DH20SH02,BT2002,SH,NK
1010003,BIOT2403,Công nghệ vi sinh,DH20SH01,BT2001,SH,NK
1010004,BIOT2403,Công nghệ vi sinh,DH20SH01,BT2001,SH,NK
1010005,BIOT2403,Công nghệ vi sinh,DH20SH01,BT2001,SH,NK
1010006,BIOT2403,Công nghệ vi sinh,DH20SH02,BT2002,SH,NK
1010007,BIOT2403,Công nghệ vi sinh,DH20SH01,BT2001,SH,NK
1010008,BIOT2403,Công nghệ vi sinh,DH20SH01,BT2001,SH,NK
1010009,BIOT2403,Công nghệ vi sinh,DH20SH02,BT2002,SH,NK
1010010,BIOT2403,Công nghệ vi sinh,DH20SH02,BT2002,SH,NK
1010011,BIOT2403,Công nghệ vi sinh,DH20SH02,BT2002,SH,NK
1010012,BIOT2403,Công nghệ vi sinh,DH20SH01,BT2001,SH,NK
1010013,BIOT2403,Công nghệ vi sinh,DH20SH01,BT2001,SH,NK
1010014,BIOT2403,Công nghệ vi sinh,DH20SH02,BT2002,SH,NK
1010015,BIOT2403,Công nghệ vi sinh,DH20SH01,BT2001,SH,NK
1010016,BIOT2403,Công nghệ vi sinh,DH20SH01,BT2001,SH,NK
1010017,BIOT2403,Công nghệ vi sinh,DH20SH02,BT2002,SH,NK
1010018,BIOT2403,Công nghệ vi sinh,DH20SH01,BT2001,SH,NK
1010019,BIOT2403,Công nghệ vi sinh,DH20SH01,BT2001,SH,NK
1010020,BIOT2403,Công nghệ vi sinh,DH20SH01,BT2001,SH,NK
1010021,BIOT2403,Công nghệ vi sinh,DH20SH02,BT2002,SH,NK
1010022,BIOT2403,Công nghệ vi sinh,DH20SH02,BT2002,SH,NK
1010023,BIOT2403,Công nghệ vi sinh,DH20SH02,BT2002,SH,NK
1010024,BIOT2403,Công nghệ vi sinh,DH20SH02,BT2002,SH,NK
1010025,BIOT2403,Công nghệ vi sinh,DH20SH01,BT2001,SH,NK
1010026,BIOT2403,Công nghệ vi sinh,DH20SH02,BT2002,SH,NK
1010027,BIOT2403,Công nghệ vi sinh,DH20SH02,BT2002,SH,NK
1010028,BIOT2403,Công nghệ vi sinh,DH20SH01,BT2001,SH,NK
1010029,BIOT2403,Công nghệ vi sinh,DH20SH01,BT2001,SH,NK
1010030,BIOT2403,Công nghệ vi sinh,DH20SH02,BT2002,SH,NK
1070001,BLAW1222,Luật Tố tụng hình sự,DH20LA02,LA2002,LA,NK
1070002,BLAW1222,Luật Tố tụng hình sự,DH20LA01,LA2001,LA,NK
1070003,BLAW1222,Luật Tố tụng hình sự,DH20LA01,LA2001,LA,NK
1070004,BLAW1222,Luật Tố tụng hình sự,DH20LA01,LA2001,LA,NK
1070005,BLAW1222,Luật Tố tụng hình sự,DH20LA02,LA2002,LA,NK
1070006,BLAW1222,Luật Tố tụng hình sự,DH20LA02,LA2002,LA,NK
1070007,BLAW1222,Luật Tố tụng hình sự,DH20LA01,LA2001,LA,NK
1070008,BLAW1222,Luật Tố tụng hình sự,DH20LA01,LA2001,LA,NK
1070009,BLAW1222,Luật Tố tụng hình sự,DH20LA02,LA2002,LA,NK
1070010,BLAW1222,Luật Tố tụng hình sự,DH20LA01,LA2001,LA,NK
1070011,BLAW1222,Luật Tố tụng hình sự,DH20LA01,LA2001,LA,NK
1070012,BLAW1222,Luật Tố tụng hình sự,DH20LA02,LA2002,LA,NK
1070013,BLAW1222,Luật Tố tụng hình sự,DH20LA02,LA2002,LA,NK
1070014,BLAW1222,Luật Tố tụng hình sự,DH20LA01,LA2001,LA,NK
1070015,BLAW1222,Luật Tố tụng hình sự,DH20LA02,LA2002,LA,NK
1070016,BLAW1222,Luật Tố tụng hình sự,DH20LA02,LA2002,LA,NK
1070017,BLAW1222,Luật Tố tụng hình sự,DH20LA02,LA2002,LA,NK
1070018,BLAW1222,Luật Tố tụng hình sự,DH20LA02,LA2002,LA,NK
1070019,BLAW1222,Luật Tố tụng hình sự,DH20LA02,LA2002,LA,NK
1070020,BLAW1222,Luật Tố tụng hình sự,DH20LA01,LA2001,LA,NK
1070021,BLAW1222,Luật Tố tụng hình sự,DH20LA02,LA2002,LA,NK
1070022,BLAW1222,Luật Tố tụng hình sự,DH20LA01,LA2001,LA,NK
1070023,BLAW1222,Luật Tố tụng hình sự,DH20LA02,LA2002,LA,NK
1070024,BLAW1222,Luật Tố tụng hình sự,DH20LA01,LA2001,LA,NK
1070025,BLAW1222,Luật Tố tụng hình sự,DH20LA01,LA2001,LA,NK
1070026,BLAW1222,Luật Tố tụng hình sự,DH20LA02,LA2002,LA,NK
1070027,BLAW1222,Luật Tố tụng hình sự,DH20LA01,LA2001,LA,NK
1070028,BLAW1222,Luật Tố tụng hình sự,DH20LA02,LA2002,LA,NK
1070029,BLAW1222,Luật Tố tụng hình sự,DH20LA01,LA2001,LA,NK
1070030,BLAW1222,Luật Tố tụng hình sự,DH20LA01,LA2001,LA,NK
1070001,BLAW1229,Kỹ năng viết và nghiên cứu pháp lý,DH20LA02,LA2002,LA,NK
1070002,BLAW1229,Kỹ năng viết và nghiên cứu pháp lý,DH20LA02,LA2002,LA,NK
1070003,BLAW1229,Kỹ năng viết và nghiên cứu pháp lý,DH20LA01,LA2001,LA,NK
1070004,BLAW1229,Kỹ năng viết và nghiên cứu pháp lý,DH20LA02,LA2002,LA,NK
1070005,BLAW1229,Kỹ năng viết và nghiên cứu pháp lý,DH20LA02,LA2002,LA,NK
1070006,BLAW1229,Kỹ năng viết và nghiên cứu pháp lý,DH20LA01,LA2001,LA,NK
1070007,BLAW1229,Kỹ năng viết và nghiên cứu pháp lý,DH20LA01,LA2001,LA,NK
1070008,BLAW1229,Kỹ năng viết và nghiên cứu pháp lý,DH20LA01,LA2001,LA,NK
1070009,BLAW1229,Kỹ năng viết và nghiên cứu pháp lý,DH20LA02,LA2002,LA,NK
1070010,BLAW1229,Kỹ năng viết và nghiên cứu pháp lý,DH20LA01,LA2001,LA,NK
1070011,BLAW1229,Kỹ năng viết và nghiên cứu pháp lý,DH20LA02,LA2002,LA,NK
1070012,BLAW1229,Kỹ năng viết và nghiên cứu pháp lý,DH20LA01,LA2001,LA,NK
1070013,BLAW1229,Kỹ năng viết và nghiên cứu pháp lý,DH20LA02,LA2002,LA,NK
1070014,BLAW1229,Kỹ năng viết và nghiên cứu pháp lý,DH20LA01,LA2001,LA,NK
1070015,BLAW1229,Kỹ năng viết và nghiên cứu pháp lý,DH20LA01,LA2001,LA,NK
1070016,BLAW1229,Kỹ năng viết và nghiên cứu pháp lý,DH20LA02,LA2002,LA,NK
1070017,BLAW1229,Kỹ năng viết và nghiên cứu pháp lý,DH20LA01,LA2001,LA,NK
1070018,BLAW1229,Kỹ năng viết và nghiên cứu pháp lý,DH20LA01,LA2001,LA,NK
1070019,BLAW1229,Kỹ năng viết và nghiên cứu pháp lý,DH20LA02,LA2002,LA,NK
1070020,BLAW1229,Kỹ năng viết và nghiên cứu pháp lý,DH20LA01,LA2001,LA,NK
1070021,BLAW1229,Kỹ năng viết và nghiên cứu pháp lý,DH20LA01,LA2001,LA,NK
1070022,BLAW1229,Kỹ năng viết và nghiên cứu pháp lý,DH20LA02,LA2002,LA,NK
1070023,BLAW1229,Kỹ năng viết và nghiên cứu pháp lý,DH20LA02,LA2002,LA,NK
1070024,BLAW1229,Kỹ năng viết và nghiên cứu pháp lý,DH20LA01,LA2001,LA,NK
1070025,BLAW1229,Kỹ năng viết và nghiên cứu pháp lý,DH20LA02,LA2002,LA,NK
1070026,BLAW1229,Kỹ năng viết và nghiên cứu pháp lý,DH20LA01,LA2001,LA,NK
1070027,BLAW1229,Kỹ năng viết và nghiên cứu pháp lý,DH20LA02,LA2002,LA,NK
1070028,BLAW1229,Kỹ năng viết và nghiên cứu pháp lý,DH20LA02,LA2002,LA,NK
1070029,BLAW1229,Kỹ năng viết và nghiên cứu pháp lý,DH20LA02,LA2002,LA,NK
1070030,BLAW1229,Kỹ năng viết và nghiên cứu pháp lý,DH20LA01,LA2001,LA,NK
1070001,BLAW1317,Luật Lao động,DH20LA02,LA2002,LA,NK
1070002,BLAW1317,Luật Lao động,DH20LA02,LA2002,LA,NK
1070003,BLAW1317,Luật Lao động,DH20LA01,LA2001,LA,NK
1070004,BLAW1317,Luật Lao động,DH20LA02,LA2002,LA,NK
1070005,BLAW1317,Luật Lao động,DH20LA01,LA2001,LA,NK
1070006,BLAW1317,Luật Lao động,DH20LA02,LA2002,LA,NK
1070007,BLAW1317,Luật Lao động,DH20LA02,LA2002,LA,NK
1070008,BLAW1317,Luật Lao động,DH20LA01,LA2001,LA,NK
1070009,BLAW1317,Luật Lao động,DH20LA02,LA2002,LA,NK
1070010,BLAW1317,Luật Lao động,DH20LA01,LA2001,LA,NK
1070011,BLAW1317,Luật Lao động,DH20LA01,LA2001,LA,NK
1070012,BLAW1317,Luật Lao động,DH20LA01,LA2001,LA,NK
1070013,BLAW1317,Luật Lao động,DH20LA02,LA2002,LA,NK
1070014,BLAW1317,Luật Lao động,DH20LA01,LA2001,LA,NK
1070015,BLAW1317,Luật Lao động,DH20LA02,LA2002,LA,NK
1070016,BLAW1317,Luật Lao động,DH20LA02,LA2002,LA,NK
1070017,BLAW1317,Luật Lao động,DH20LA02,LA2002,LA,NK
1070018,BLAW1317,Luật Lao động,DH20LA01,LA2001,LA,NK
1070019,BLAW1317,Luật Lao động,DH20LA02,LA2002,LA,NK
1070020,BLAW1317,Luật Lao động,DH20LA01,LA2001,LA,NK
1070021,BLAW1317,Luật Lao động,DH20LA01,LA2001,LA,NK
1070022,BLAW1317,Luật Lao động,DH20LA01,LA2001,LA,NK
1070023,BLAW1317,Luật Lao động,DH20LA02,LA2002,LA,NK
1070024,BLAW1317,Luật Lao động,DH20LA02,LA2002,LA,NK
1070025,BLAW1317,Luật Lao động,DH20LA02,LA2002,LA,NK
1070026,BLAW1317,Luật Lao động,DH20LA01,LA2001,LA,NK
1070027,BLAW1317,Luật Lao động,DH20LA01,LA2001,LA,NK
1070028,BLAW1317,Luật Lao động,DH20LA02,LA2002,LA,NK
1070029,BLAW1317,Luật Lao động,DH20LA01,LA2001,LA,NK
1070030,BLAW1317,Luật Lao động,DH20LA01,LA2001,LA,NK
1070001,BLAW2203,Luật ngân hàng,DH20LK02,BL2002,LA,NK
1070002,BLAW2203,Luật ngân hàng,DH20LK02,BL2002,LA,NK
1070004,BLAW2203,Luật ngân hàng,DH20LK02,BL2002,LA,NK
1070007,BLAW2203,Luật ngân hàng,DH20LK02,BL2002,LA,NK
1070011,BLAW2203,Luật ngân hàng,DH20LK02,BL2002,LA,NK
1070013,BLAW2203,Luật ngân hàng,DH20LK02,BL2002,LA,NK
1070014,BLAW2203,Luật ngân hàng,DH20LK02,BL2002,LA,NK
1070015,BLAW2203,Luật ngân hàng,DH20LK02,BL2002,LA,NK
1070019,BLAW2203,Luật ngân hàng,DH20LK02,BL2002,LA,NK
1070020,BLAW2203,Luật ngân hàng,DH20LK02,BL2002,LA,NK
1070023,BLAW2203,Luật ngân hàng,DH20LK02,BL2002,LA,NK
1070026,BLAW2203,Luật ngân hàng,DH20LK02,BL2002,LA,NK
1070027,BLAW2203,Luật ngân hàng,DH20LK02,BL2002,LA,NK
1070028,BLAW2203,Luật ngân hàng,DH20LK02,BL2002,LA,NK
1070029,BLAW2203,Luật ngân hàng,DH20LK02,BL2002,LA,NK
1070001,BLAW2330,Luật thuế,DH20LA01,LA2001,LA,NK
1070002,BLAW2330,Luật thuế,DH20LA01,LA2001,LA,NK
1070003,BLAW2330,Luật thuế,DH20LA02,LA2002,LA,NK
1070004,BLAW2330,Luật thuế,DH20LA02,LA2002,LA,NK
1070005,BLAW2330,Luật thuế,DH20LA02,LA2002,LA,NK
1070006,BLAW2330,Luật thuế,DH20LA02,LA2002,LA,NK
1070007,BLAW2330,Luật thuế,DH20LA02,LA2002,LA,NK
1070008,BLAW2330,Luật thuế,DH20LA02,LA2002,LA,NK
1070009,BLAW2330,Luật thuế,DH20LA02,LA2002,LA,NK
1070010,BLAW2330,Luật thuế,DH20LA02,LA2002,LA,NK
1070011,BLAW2330,Luật thuế,DH20LA01,LA2001,LA,NK
1070012,BLAW2330,Luật thuế,DH20LA02,LA2002,LA,NK
1070013,BLAW2330,Luật thuế,DH20LA01,LA2001,LA,NK
1070014,BLAW2330,Luật thuế,DH20LA01,LA2001,LA,NK
1070015,BLAW2330,Luật thuế,DH20LA02,LA2002,LA,NK
1070016,BLAW2330,Luật thuế,DH20LA01,LA2001,LA,NK
1070017,BLAW2330,Luật thuế,DH20LA02,LA2002,LA,NK
1070018,BLAW2330,Luật thuế,DH20LA02,LA2002,LA,NK
1070019,BLAW2330,Luật thuế,DH20LA01,LA2001,LA,NK
1070020,BLAW2330,Luật thuế,DH20LA02,LA2002,LA,NK
1070021,BLAW2330,Luật thuế,DH20LA02,LA2002,LA,NK
1070022,BLAW2330,Luật thuế,DH20LA01,LA2001,LA,NK
1070023,BLAW2330,Luật thuế,DH20LA02,LA2002,LA,NK
1070024,BLAW2330,Luật thuế,DH20LA01,LA2001,LA,NK
1070025,BLAW2330,Luật thuế,DH20LA01,LA2001,LA,NK
1070026,BLAW2330,Luật thuế,DH20LA01,LA2001,LA,NK
1070027,BLAW2330,Luật thuế,DH20LA01,LA2001,LA,NK
1070028,BLAW2330,Luật thuế,DH20LA01,LA2001,LA,NK
1070029,BLAW2330,Luật thuế,DH20LA01,LA2001,LA,NK
1070030,BLAW2330,Luật thuế,DH20LA01,LA2001,LA,NK
1110001,CENG1218,Phương pháp phần tử hữu hạn,DH20XD02,CE2002,KT,NK
1110003,CENG1218,Phương pháp phần tử hữu hạn,DH20XD02,CE2002,KT,NK
1110006,CENG1218,Phương pháp phần tử hữu hạn,DH20XD02,CE2002,KT,NK
1110011,CENG1218,Phương pháp phần tử hữu hạn,DH20XD02,CE2002,KT,NK
1110014,CENG1218,Phương pháp phần tử hữu hạn,DH20XD02,CE2002,KT,NK
1110015,CENG1218,Phương pháp phần tử hữu hạn,DH20XD02,CE2002,KT,NK
1110018,CENG1218,Phương pháp phần tử hữu hạn,DH20XD02,CE2002,KT,NK
1110020,CENG1218,Phương pháp phần tử hữu hạn,DH20XD02,CE2002,KT,NK
1110022,CENG1218,Phương pháp phần tử hữu hạn,DH20XD02,CE2002,KT,NK
1110023,CENG1218,Phương pháp phần tử hữu hạn,DH20XD02,CE2002,KT,NK
1110026,CENG1218,Phương pháp phần tử hữu hạn,DH20XD02,CE2002,KT,NK
1110027,CENG1218,Phương pháp phần tử hữu hạn,DH20XD02,CE2002,KT,NK
1110028,CENG1218,Phương pháp phần tử hữu hạn,DH20XD02,CE2002,KT,NK
1110029,CENG1218,Phương pháp phần tử hữu hạn,DH20XD02,CE2002,KT,NK
1110030,CENG1218,Phương pháp phần tử hữu hạn,DH20XD02,CE2002,KT,NK
1110001,CENG1228,Tổ chức và quản lý thi công,DH20QX01 DH20QX02,CM2001,KT,NK
1110002,CENG1228,Tổ chức và quản lý thi công,DH20QX01 DH20QX02,CM2001,KT,NK
1110004,CENG1228,Tổ chức và quản lý thi công,DH20QX01 DH20QX02,CM2001,KT,NK
1110012,CENG1228,Tổ chức và quản lý thi công,DH20QX01 DH20QX02,CM2001,KT,NK
1110014,CENG1228,Tổ chức và quản lý thi công,DH20QX01 DH20QX02,CM2001,KT,NK
1110015,CENG1228,Tổ chức và quản lý thi công,DH20QX01 DH20QX02,CM2001,KT,NK
1110017,CENG1228,Tổ chức và quản lý thi công,DH20QX01 DH20QX02,CM2001,KT,NK
1110018,CENG1228,Tổ chức và quản lý thi công,DH20QX01 DH20QX02,CM2001,KT,NK
1110019,CENG1228,Tổ chức và quản lý thi công,DH20QX01 DH20QX02,CM2001,KT,NK
1110021,CENG1228,Tổ chức và quản lý thi công,DH20QX01 DH20QX02,CM2001,KT,NK
1110023,CENG1228,Tổ chức và quản lý thi công,DH20QX01 DH20QX02,CM2001,KT,NK
1110024,CENG1228,Tổ chức và quản lý thi công,DH20QX01 DH20QX02,CM2001,KT,NK
1110026,CENG1228,Tổ chức và quản lý thi công,DH20QX01 DH20QX02,CM2001,KT,NK
1110027,CENG1228,Tổ chức và quản lý thi công,DH20QX01 DH20QX02,CM2001,KT,NK
1110030,CENG1228,Tổ chức và quản lý thi công,DH20QX01 DH20QX02,CM2001,KT,NK
1110001,CENG1327,Kỹ thuật thi công,DH20XD02,CE2002,KT,NK
1110002,CENG1327,Kỹ thuật thi công,DH20XD01,CE2001,KT,NK
1110003,CENG1327,Kỹ thuật thi công,DH20XD01,CE2001,KT,NK
1110004,CENG1327,Kỹ thuật thi công,DH20XD01,CE2001,KT,NK
1110005,CENG1327,Kỹ thuật thi công,DH20XD01,CE2001,KT,NK
1110006,CENG1327,Kỹ thuật thi công,DH20XD02,CE2002,KT,NK
1110007,CENG1327,Kỹ thuật thi công,DH20XD02,CE2002,KT,NK
1110008,CENG1327,Kỹ thuật thi công,DH20XD02,CE2002,KT,NK
1110009,CENG1327,Kỹ thuật thi công,DH20XD01,CE2001,KT,NK
1110010,CENG1327,Kỹ thuật thi công,DH20XD02,CE2002,KT,NK
1110011,CENG1327,Kỹ thuật thi công,DH20XD01,CE2001,KT,NK
1110012,CENG1327,Kỹ thuật thi công,DH20XD01,CE2001,KT,NK
1110013,CENG1327,Kỹ thuật thi công,DH20XD01,CE2001,KT,NK
1110014,CENG1327,Kỹ thuật thi công,DH20XD01,CE2001,KT,NK
1110015,CENG1327,Kỹ thuật thi công,DH20XD01,CE2001,KT,NK
1110016,CENG1327,Kỹ thuật thi công,DH20XD02,CE2002,KT,NK
1110017,CENG1327,Kỹ thuật thi công,DH20XD01,CE2001,KT,NK
1110018,CENG1327,Kỹ thuật thi công,DH20XD02,CE2002,KT,NK
1110019,CENG1327,Kỹ thuật thi công,DH20XD02,CE2002,KT,NK
1110020,CENG1327,Kỹ thuật thi công,DH20XD02,CE2002,KT,NK
1110021,CENG1327,Kỹ thuật thi công,DH20XD02,CE2002,KT,NK
1110022,CENG1327,Kỹ thuật thi công,DH20XD01,CE2001,KT,NK
1110023,CENG1327,Kỹ thuật thi công,DH20XD02,CE2002,KT,NK
1110024,CENG1327,Kỹ thuật thi công,DH20XD02,CE2002,KT,NK
1110025,CENG1327,Kỹ thuật thi công,DH20XD01,CE2001,KT,NK
1110026,CENG1327,Kỹ thuật thi công,DH20XD02,CE2002,KT,NK
1110027,CENG1327,Kỹ thuật thi công,DH20XD02,CE2002,KT,NK
1110028,CENG1327,Kỹ thuật thi công,DH20XD02,CE2002,KT,NK
1110029,CENG1327,Kỹ thuật thi công,DH20XD01,CE2001,KT,NK
1110030,CENG1327,Kỹ thuật thi công,DH20XD01,CE2001,KT,NK
1010001,CHEM1303,Hóa đại cương,DH22FT01,FT2201,SH,NK
1010003,CHEM1303,Hóa đại cương,DH22FT01,FT2201,SH,NK
1010004,CHEM1303,Hóa đại cương,DH22FT01,FT2201,SH,NK
1010007,CHEM1303,Hóa đại cương,DH22FT01,FT2201,SH,NK
1010010,CHEM1303,Hóa đại cương,DH22FT01,FT2201,SH,NK
1010011,CHEM1303,Hóa đại cương,DH22FT01,FT2201,SH,NK
1010013,CHEM1303,Hóa đại cương,DH22FT01,FT2201,SH,NK
1010014,CHEM1303,Hóa đại cương,DH22FT01,FT2201,SH,NK
1010015,CHEM1303,Hóa đại cương,DH22FT01,FT2201,SH,NK
1010018,CHEM1303,Hóa đại cương,DH22FT01,FT2201,SH,NK
1010020,CHEM1303,Hóa đại cương,DH22FT01,FT2201,SH,NK
1010026,CHEM1303,Hóa đại cương,DH22FT01,FT2201,SH,NK
1010027,CHEM1303,Hóa đại cương,DH22FT01,FT2201,SH,NK
1010028,CHEM1303,Hóa đại cương,DH22FT01,FT2201,SH,NK
1010029,CHEM1303,Hóa đại cương,DH22FT01,FT2201,SH,NK
1110001,CMAN1220,Pháp luật đại cương trong hoạt động xây dựng,DH20XD01,CE2001,KT,NK
1110002,CMAN1220,Pháp luật đại cương trong hoạt động xây dựng,DH20XD02,CE2002,KT,NK
1110003,CMAN1220,Pháp luật đại cương trong hoạt động xây dựng,DH20XD02,CE2002,KT,NK
1110004,CMAN1220,Pháp luật đại cương trong hoạt động xây dựng,DH20XD02,CE2002,KT,NK
1110005,CMAN1220,Pháp luật đại cương trong hoạt động xây dựng,DH20XD02,CE2002,KT,NK
1110006,CMAN1220,Pháp luật đại cương trong hoạt động xây dựng,DH20XD02,CE2002,KT,NK
1110007,CMAN1220,Pháp luật đại cương trong hoạt động xây dựng,DH20XD02,CE2002,KT,NK
1110008,CMAN1220,Pháp luật đại cương trong hoạt động xây dựng,DH20XD02,CE2002,KT,NK
1110009,CMAN1220,Pháp luật đại cương trong hoạt động xây dựng,DH20XD01,CE2001,KT,NK
1110010,CMAN1220,Pháp luật đại cương trong hoạt động xây dựng,DH20XD02,CE2002,KT,NK
1110011,CMAN1220,Pháp luật đại cương trong hoạt động xây dựng,DH20XD01,CE2001,KT,NK
1110012,CMAN1220,Pháp luật đại cương trong hoạt động xây dựng,DH20XD01,CE2001,KT,NK
1110013,CMAN1220,Pháp luật đại cương trong hoạt động xây dựng,DH20XD01,CE2001,KT,NK
1110014,CMAN1220,Pháp luật đại cương trong hoạt động xây dựng,DH20XD02,CE2002,KT,NK
1110015,CMAN1220,Pháp luật đại cương trong hoạt động xây dựng,DH20XD02,CE2002,KT,NK
1110016,CMAN1220,Pháp luật đại cương trong hoạt động xây dựng,DH20XD01,CE2001,KT,NK
1110017,CMAN1220,Pháp luật đại cương trong hoạt động xây dựng,DH20XD02,CE2002,KT,NK
1110018,CMAN1220,Pháp luật đại cương trong hoạt động xây dựng,DH20XD02,CE2002,KT,NK
1110019,CMAN1220,Pháp luật đại cương trong hoạt động xây dựng,DH20XD01,CE2001,KT,NK
1110020,CMAN1220,Pháp luật đại cương trong hoạt động xây dựng,DH20XD01,CE2001,KT,NK
1110021,CMAN1220,Pháp luật đại cương trong hoạt động xây dựng,DH20XD02,CE2002,KT,NK
1110022,CMAN1220,Pháp luật đại cương trong hoạt động xây dựng,DH20XD02,CE2002,KT,NK
1110023,CMAN1220,Pháp luật đại cương trong hoạt động xây dựng,DH20XD01,CE2001,KT,NK
1110024,CMAN1220,Pháp luật đại cương trong hoạt động xây dựng,DH20XD01,CE2001,KT,NK
1110025,CMAN1220,Pháp luật đại cương trong hoạt động xây dựng,DH20XD01,CE2001,KT,NK
1110026,CMAN1220,Pháp luật đại cương trong hoạt động xây dựng,DH20XD01,CE2001,KT,NK
1110027,CMAN1220,Pháp luật đại cương trong hoạt động xây dựng,DH20XD01,CE2001,KT,NK
1110028,CMAN1220,Pháp luật đại cương trong hoạt động xây dựng,DH20XD02,CE2002,KT,NK
1110029,CMAN1220,Pháp luật đại cương trong hoạt động xây dựng,DH20XD01,CE2001,KT,NK
1110030,CMAN1220,Pháp luật đại cương trong hoạt động xây dựng,DH20XD01,CE2001,KT,NK
1010001,COMP3401,UD tin học trong CNSH,DH20SH02,BT2002,SH,NK
1010002,COMP3401,UD tin học trong CNSH,DH20SH02,BT2002,SH,NK
1010003,COMP3401,UD tin học trong CNSH,DH20SH02,BT2002,SH,NK
1010004,COMP3401,UD tin học trong CNSH,DH20SH01,BT2001,SH,NK
1010005,COMP3401,UD tin học trong CNSH,DH20SH02,BT2002,SH,NK
1010006,COMP3401,UD tin học trong CNSH,DH20SH01,BT2001,SH,NK
1010007,COMP3401,UD tin học trong CNSH,DH20SH02,BT2002,SH,NK
1010008,COMP3401,UD tin học trong CNSH,DH20SH01,BT2001,SH,NK
1010009,COMP3401,UD tin học trong CNSH,DH20SH02,BT2002,SH,NK
1010010,COMP3401,UD tin học trong CNSH,DH20SH01,BT2001,SH,NK
1010011,COMP3401,UD tin học trong CNSH,DH20SH01,BT2001,SH,NK
1010012,COMP3401,UD tin học trong CNSH,DH20SH02,BT2002,SH,NK
1010013,COMP3401,UD tin học trong CNSH,DH20SH01,BT2001,SH,NK
1010014,COMP3401,UD tin học trong CNSH,DH20SH02,BT2002,SH,NK
1010015,COMP3401,UD tin học trong CNSH,DH20SH01,BT2001,SH,NK
1010016,COMP3401,UD tin học trong CNSH,DH20SH02,BT2002,SH,NK
1010017,COMP3401,UD tin học trong CNSH,DH20SH01,BT2001,SH,NK
1010018,COMP3401,UD tin học trong CNSH,DH20SH02,BT2002,SH,NK
1010019,COMP3401,UD tin học trong CNSH,DH20SH01,BT2001,SH,NK
1010020,COMP3401,UD tin học trong CNSH,DH20SH02,BT2002,SH,NK
1010021,COMP3401,UD tin học trong CNSH,DH20SH02,BT2002,SH,NK
1010022,COMP3401,UD tin học trong CNSH,DH20SH01,BT2001,SH,NK
1010023,COMP3401,UD tin học trong CNSH,DH20SH01,BT2001,SH,NK
1010024,COMP3401,UD tin học trong CNSH,DH20SH02,BT2002,SH,NK
1010025,COMP3401,UD tin học trong CNSH,DH20SH01,BT2001,SH,NK
1010026,COMP3401,UD tin học trong CNSH,DH20SH02,BT2002,SH,NK
1010027,COMP3401,UD tin học trong CNSH,DH20SH02,BT2002,SH,NK
1010028,COMP3401,UD tin học trong CNSH,DH20SH01,BT2001,SH,NK
1010029,COMP3401,UD tin học trong CNSH,DH20SH01,BT2001,SH,NK
1010030,COMP3401,UD tin học trong CNSH,DH20SH01,BT2001,SH,NK
1080001,ENGL1248,Ngữ âm - Âm vị học,DH20AV02,EL2002,NN,NK
1080002,ENGL1248,Ngữ âm - Âm vị học,DH20AV01,EL2001,NN,NK
1080003,ENGL1248,Ngữ âm - Âm vị học,DH20AV02,EL2002,NN,NK
1080004,ENGL1248,Ngữ âm - Âm vị học,DH20AV01,EL2001,NN,NK
1080005,ENGL1248,Ngữ âm - Âm vị học,DH20AV02,EL2002,NN,NK
1080006,ENGL1248,Ngữ âm - Âm vị học,DH20AV02,EL2002,NN,NK
1080007,ENGL1248,Ngữ âm - Âm vị học,DH20AV02,EL2002,NN,NK
1080008,ENGL1248,Ngữ âm - Âm vị học,DH20AV01,EL2001,NN,NK
1080009,ENGL1248,Ngữ âm - Âm vị học,DH20AV02,EL2002,NN,NK
1080010,ENGL1248,Ngữ âm - Âm vị học,DH20AV02,EL2002,NN,NK
1080011,ENGL1248,Ngữ âm - Âm vị học,DH20AV02,EL2002,NN,NK
1080012,ENGL1248,Ngữ âm - Âm vị học,DH20AV01,EL2001,NN,NK
1080013,ENGL1248,Ngữ âm - Âm vị học,DH20AV01,EL2001,NN,NK
1080014,ENGL1248,Ngữ âm - Âm vị học,DH20AV01,EL2001,NN,NK
1080015,ENGL1248,Ngữ âm - Âm vị học,DH20AV01,EL2001,NN,NK
1080016,ENGL1248,Ngữ âm - Âm vị học,DH20AV01,EL2001,NN,NK
1080017,ENGL1248,Ngữ âm - Âm vị học,DH20AV01,EL2001,NN,NK
1080018,ENGL1248,Ngữ âm - Âm vị học,DH20AV02,EL2002,NN,NK
1080019,ENGL1248,Ngữ âm - Âm vị học,DH20AV02,EL2002,NN,NK
1080020,ENGL1248,Ngữ âm - Âm vị học,DH20AV02,EL2002,NN,NK
1080021,ENGL1248,Ngữ âm - Âm vị học,DH20AV01,EL2001,NN,NK
1080022,ENGL1248,Ngữ âm - Âm vị học,DH20AV01,EL2001,NN,NK
1080023,ENGL1248,Ngữ âm - Âm vị học,DH20AV01,EL2001,NN,NK
1080024,ENGL1248,Ngữ âm - Âm vị học,DH20AV02,EL2002,NN,NK
1080025,ENGL1248,Ngữ âm - Âm vị học,DH20AV02,EL2002,NN,NK
1080026,ENGL1248,Ngữ âm - Âm vị học,DH20AV01,EL2001,NN,NK
1080027,ENGL1248,Ngữ âm - Âm vị học,DH20AV02,EL2002,NN,NK
1080028,ENGL1248,Ngữ âm - Âm vị học,DH20AV02,EL2002,NN,NK
1080029,ENGL1248,Ngữ âm - Âm vị học,DH20AV01,EL2001,NN,NK
1080030,ENGL1248,Ngữ âm - Âm vị học,DH20AV01,EL2001,NN,NK
1080001,ENGL1336,Văn hóa Anh - Mỹ,DH20AV02,EL2002,NN,NK
1080002,ENGL1336,Văn hóa Anh - Mỹ,DH20AV01,EL2001,NN,NK
1080003,ENGL1336,Văn hóa Anh - Mỹ,DH20AV02,EL2002,NN,NK
1080004,ENGL1336,Văn hóa Anh - Mỹ,DH20AV02,EL2002,NN,NK
1080005,ENGL1336,Văn hóa Anh - Mỹ,DH20AV02,EL2002,NN,NK
1080006,ENGL1336,Văn hóa Anh - Mỹ,DH20AV01,EL2001,NN,NK
1080007,ENGL1336,Văn hóa Anh - Mỹ,DH20AV02,EL2002,NN,NK
1080008,ENGL1336,Văn hóa Anh - Mỹ,DH20AV01,EL2001,NN,NK
1080009,ENGL1336,Văn hóa Anh - Mỹ,DH20AV02,EL2002,NN,NK
1080010,ENGL1336,Văn hóa Anh - Mỹ,DH20AV02,EL2002,NN,NK
1080011,ENGL1336,Văn hóa Anh - Mỹ,DH20AV01,EL2001,NN,NK
1080012,ENGL1336,Văn hóa Anh - Mỹ,DH20AV02,EL2002,NN,NK
1080013,ENGL1336,Văn hóa Anh - Mỹ,DH20AV01,EL2001,NN,NK
1080014,ENGL1336,Văn hóa Anh - Mỹ,DH20AV01,EL2001,NN,NK
1080015,ENGL1336,Văn hóa Anh - Mỹ,DH20AV01,EL2001,NN,NK
1080016,ENGL1336,Văn hóa Anh - Mỹ,DH20AV01,EL2001,NN,NK
1080017,ENGL1336,Văn hóa Anh - Mỹ,DH20AV02,EL2002,NN,NK
1080018,ENGL1336,Văn hóa Anh - Mỹ,DH20AV02,EL2002,NN,NK
1080019,ENGL1336,Văn hóa Anh - Mỹ,DH20AV01,EL2001,NN,NK
1080020,ENGL1336,Văn hóa Anh - Mỹ,DH20AV02,EL2002,NN,NK
1080021,ENGL1336,Văn hóa Anh - Mỹ,DH20AV02,EL2002,NN,NK
1080022,ENGL1336,Văn hóa Anh - Mỹ,DH20AV01,EL2001,NN,NK
1080023,ENGL1336,Văn hóa Anh - Mỹ,DH20AV02,EL2002,NN,NK
1080024,ENGL1336,Văn hóa Anh - Mỹ,DH20AV01,EL2001,NN,NK
1080025,ENGL1336,Văn hóa Anh - Mỹ,DH20AV01,EL2001,NN,NK
1080026,ENGL1336,Văn hóa Anh - Mỹ,DH20AV01,EL2001,NN,NK
1080027,ENGL1336,Văn hóa Anh - Mỹ,DH20AV02,EL2002,NN,NK
1080028,ENGL1336,Văn hóa Anh - Mỹ,DH20AV01,EL2001,NN,NK
1080029,ENGL1336,Văn hóa Anh - Mỹ,DH20AV02,EL2002,NN,NK
1080030,ENGL1336,Văn hóa Anh - Mỹ,DH20AV01,EL2001,NN,NK
1080001,ENGL1345,Luyện dịch 2,DH20AV03,EL2003,NN,NK
1080002,ENGL1345,Luyện dịch 2,DH20AV01,EL2001,NN,NK
1080003,ENGL1345,Luyện dịch 2,DH20AV01,EL2001,NN,NK
1080004,ENGL1345,Luyện dịch 2,DH20AV03,EL2003,NN,NK
1080005,ENGL1345,Luyện dịch 2,DH20AV03,EL2003,NN,NK
1080006,ENGL1345,Luyện dịch 2,DH20AV01,EL2001,NN,NK
1080007,ENGL1345,Luyện dịch 2,DH20AV03,EL2003,NN,NK
1080008,ENGL1345,Luyện dịch 2,DH20AV01,EL2001,NN,NK
1080009,ENGL1345,Luyện dịch 2,DH20AV03,EL2003,NN,NK
1080010,ENGL1345,Luyện dịch 2,DH20AV01,EL2001,NN,NK
1080011,ENGL1345,Luyện dịch 2,DH20AV03,EL2003,NN,NK
1080012,ENGL1345,Luyện dịch 2,DH20AV01,EL2001,NN,NK
1080013,ENGL1345,Luyện dịch 2,DH20AV01,EL2001,NN,NK
1080014,ENGL1345,Luyện dịch 2,DH20AV01,EL2001,NN,NK
1080015,ENGL1345,Luyện dịch 2,DH20AV03,EL2003,NN,NK
1080016,ENGL1345,Luyện dịch 2,DH20AV03,EL2003,NN,NK
1080017,ENGL1345,Luyện dịch 2,DH20AV01,EL2001,NN,NK
1080018,ENGL1345,Luyện dịch 2,DH20AV03,EL2003,NN,NK
1080019,ENGL1345,Luyện dịch 2,DH20AV03,EL2003,NN,NK
1080020,ENGL1345,Luyện dịch 2,DH20AV01,EL2001,NN,NK
1080021,ENGL1345,Luyện dịch 2,DH20AV01,EL2001,NN,NK
1080022,ENGL1345,Luyện dịch 2,DH20AV01,EL2001,NN,NK
1080023,ENGL1345,Luyện dịch 2,DH20AV03,EL2003,NN,NK
1080024,ENGL1345,Luyện dịch 2,DH20AV03,EL2003,NN,NK
1080025,ENGL1345,Luyện dịch 2,DH20AV03,EL2003,NN,NK
1080026,ENGL1345,Luyện dịch 2,DH20AV01,EL2001,NN,NK
1080027,ENGL1345,Luyện dịch 2,DH20AV03,EL2003,NN,NK
1080028,ENGL1345,Luyện dịch 2,DH20AV01,EL2001,NN,NK
1080029,ENGL1345,Luyện dịch 2,DH20AV03,EL2003,NN,NK
1080030,ENGL1345,Luyện dịch 2,DH20AV01,EL2001,NN,NK
1100001,FINA2331,Thuế và hoạt động kinh doanh,DH20CF02,CF2002,TC,NK
1100002,FINA2331,Thuế và hoạt động kinh doanh,DH20CF02,CF2002,TC,NK
1100003,FINA2331,Thuế và hoạt động kinh doanh,DH20CF02,CF2002,TC,NK
1100004,FINA2331,Thuế và hoạt động kinh doanh,DH20CF02,CF2002,TC,NK
1100005,FINA2331,Thuế và hoạt động kinh doanh,DH20CF02,CF2002,TC,NK
1100006,FINA2331,Thuế và hoạt động kinh doanh,DH20CF01,CF2001,TC,NK
1100007,FINA2331,Thuế và hoạt động kinh doanh,DH20CF02,CF2002,TC,NK
1100008,FINA2331,Thuế và hoạt động kinh doanh,DH20CF01,CF2001,TC,NK
1100009,FINA2331,Thuế và hoạt động kinh doanh,DH20CF02,CF2002,TC,NK
1100010,FINA2331,Thuế và hoạt động kinh doanh,DH20CF02,CF2002,TC,NK
1100011,FINA2331,Thuế và hoạt động kinh doanh,DH20CF02,CF2002,TC,NK
1100012,FINA2331,Thuế và hoạt động kinh doanh,DH20CF01,CF2001,TC,NK
1100013,FINA2331,Thuế và hoạt động kinh doanh,DH20CF02,CF2002,TC,NK
1100014,FINA2331,Thuế và hoạt động kinh doanh,DH20CF01,CF2001,TC,NK
1100015,FINA2331,Thuế và hoạt động kinh doanh,DH20CF01,CF2001,TC,NK
1100016,FINA2331,Thuế và hoạt động kinh doanh,DH20CF02,CF2002,TC,NK
1100017,FINA2331,Thuế và hoạt động kinh doanh,DH20CF01,CF2001,TC,NK
1100018,FINA2331,Thuế và hoạt động kinh doanh,DH20CF01,CF2001,TC,NK
1100019,FINA2331,Thuế và hoạt động kinh doanh,DH20CF02,CF2002,TC,NK
1100020,FINA2331,Thuế và hoạt động kinh doanh,DH20CF02,CF2002,TC,NK
1100021,FINA2331,Thuế và hoạt động kinh doanh,DH20CF01,CF2001,TC,NK
1100022,FINA2331,Thuế và hoạt động kinh doanh,DH20CF01,CF2001,TC,NK
1100023,FINA2331,Thuế và hoạt động kinh doanh,DH20CF02,CF2002,TC,NK
1100024,FINA2331,Thuế và hoạt động kinh doanh,DH20CF01,CF2001,TC,NK
1100025,FINA2331,Thuế và hoạt động kinh doanh,DH20CF01,CF2001,TC,NK
1100026,FINA2331,Thuế và hoạt động kinh doanh,DH20CF01,CF2001,TC,NK
1100027,FINA2331,Thuế và hoạt động kinh doanh,DH20CF01,CF2001,TC,NK
1100028,FINA2331,Thuế và hoạt động kinh doanh,DH20CF01,CF2001,TC,NK
1100029,FINA2331,Thuế và hoạt động kinh doanh,DH20CF01,CF2001,TC,NK
1100030,FINA2331,Thuế và hoạt động kinh doanh,DH20CF02,CF2002,TC,NK
1100001,FINA2335,Tài chính quốc tế,DH20CF02,CF2002,TC,NK
1100002,FINA2335,Tài chính quốc tế,DH20CF02,CF2002,TC,NK
1100003,FINA2335,Tài chính quốc tế,DH20CF02,CF2002,TC,NK
1100004,FINA2335,Tài chính quốc tế,DH20CF01,CF2001,TC,NK
1100005,FINA2335,Tài chính quốc tế,DH20CF02,CF2002,TC,NK
1100006,FINA2335,Tài chính quốc tế,DH20CF02,CF2002,TC,NK
1100007,FINA2335,Tài chính quốc tế,DH20CF02,CF2002,TC,NK
1100008,FINA2335,Tài chính quốc tế,DH20CF02,CF2002,TC,NK
1100009,FINA2335,Tài chính quốc tế,DH20CF02,CF2002,TC,NK
1100010,FINA2335,Tài chính quốc tế,DH20CF01,CF2001,TC,NK
1100011,FINA2335,Tài chính quốc tế,DH20CF02,CF2002,TC,NK
1100012,FINA2335,Tài chính quốc tế,DH20CF01,CF2001,TC,NK
1100013,FINA2335,Tài chính quốc tế,DH20CF01,CF2001,TC,NK
1100014,FINA2335,Tài chính quốc tế,DH20CF02,CF2002,TC,NK
1100015,FINA2335,Tài chính quốc tế,DH20CF02,CF2002,TC,NK
1100016,FINA2335,Tài chính quốc tế,DH20CF01,CF2001,TC,NK
1100017,FINA2335,Tài chính quốc tế,DH20CF01,CF2001,TC,NK
1100018,FINA2335,Tài chính quốc tế,DH20CF02,CF2002,TC,NK
1100019,FINA2335,Tài chính quốc tế,DH20CF01,CF2001,TC,NK
1100020,FINA2335,Tài chính quốc tế,DH20CF02,CF2002,TC,NK
1100021,FINA2335,Tài chính quốc tế,DH20CF01,CF2001,TC,NK
1100022,FINA2335,Tài chính quốc tế,DH20CF02,CF2002,TC,NK
1100023,FINA2335,Tài chính quốc tế,DH20CF01,CF2001,TC,NK
1100024,FINA2335,Tài chính quốc tế,DH20CF01,CF2001,TC,NK
1100025,FINA2335,Tài chính quốc tế,DH20CF01,CF2001,TC,NK
1100026,FINA2335,Tài chính quốc tế,DH20CF01,CF2001,TC,NK
1100027,FINA2335,Tài chính quốc tế,DH20CF01,CF2001,TC,NK
1100028,FINA2335,Tài chính quốc tế,DH20CF01,CF2001,TC,NK
1100029,FINA2335,Tài chính quốc tế,DH20CF01,CF2001,TC,NK
1100030,FINA2335,Tài chính quốc tế,DH20CF02,CF2002,TC,NK
1100001,FINA2338,Tài chính doanh nghiệp 2,DH20CF01,CF2001,TC,NK
1100002,FINA2338,Tài chính doanh nghiệp 2,DH20CF02,CF2002,TC,NK
1100003,FINA2338,Tài chính doanh nghiệp 2,DH20CF02,CF2002,TC,NK
1100004,FINA2338,Tài chính doanh nghiệp 2,DH20CF02,CF2002,TC,NK
1100005,FINA2338,Tài chính doanh nghiệp 2,DH20CF02,CF2002,TC,NK
1100006,FINA2338,Tài chính doanh nghiệp 2,DH20CF01,CF2001,TC,NK
1100007,FINA2338,Tài chính doanh nghiệp 2,DH20CF02,CF2002,TC,NK
1100008,FINA2338,Tài chính doanh nghiệp 2,DH20CF01,CF2001,TC,NK
1100009,FINA2338,Tài chính doanh nghiệp 2,DH20CF02,CF2002,TC,NK
1100010,FINA2338,Tài chính doanh nghiệp 2,DH20CF02,CF2002,TC,NK
1100011,FINA2338,Tài chính doanh nghiệp 2,DH20CF02,CF2002,TC,NK
1100012,FINA2338,Tài chính doanh nghiệp 2,DH20CF01,CF2001,TC,NK
1100013,FINA2338,Tài chính doanh nghiệp 2,DH20CF01,CF2001,TC,NK
1100014,FINA2338,Tài chính doanh nghiệp 2,DH20CF02,CF2002,TC,NK
1100015,FINA2338,Tài chính doanh nghiệp 2,DH20CF02,CF2002,TC,NK
1100016,FINA2338,Tài chính doanh nghiệp 2,DH20CF01,CF2001,TC,NK
1100017,FINA2338,Tài chính doanh nghiệp 2,DH20CF02,CF2002,TC,NK
1100018,FINA2338,Tài chính doanh nghiệp 2,DH20CF01,CF2001,TC,NK
1100019,FINA2338,Tài chính doanh nghiệp 2,DH20CF01,CF2001,TC,NK
1100020,FINA2338,Tài chính doanh nghiệp 2,DH20CF02,CF2002,TC,NK
1100021,FINA2338,Tài chính doanh nghiệp 2,DH20CF01,CF2001,TC,NK
1100022,FINA2338,Tài chính doanh nghiệp 2,DH20CF02,CF2002,TC,NK
1100023,FINA2338,Tài chính doanh nghiệp 2,DH20CF01,CF2001,TC,NK
1100024,FINA2338,Tài chính doanh nghiệp 2,DH20CF01,CF2001,TC,NK
1100025,FINA2338,Tài chính doanh nghiệp 2,DH20CF01,CF2001,TC,NK
1100026,FINA2338,Tài chính doanh nghiệp 2,DH20CF02,CF2002,TC,NK
1100027,FINA2338,Tài chính doanh nghiệp 2,DH20CF01,CF2001,TC,NK
1100028,FINA2338,Tài chính doanh nghiệp 2,DH20CF01,CF2001,TC,NK
1100029,FINA2338,Tài chính doanh nghiệp 2,DH20CF02,CF2002,TC,NK
1100030,FINA2338,Tài chính doanh nghiệp 2,DH20CF01,CF2001,TC,NK
1030006,GENG1341,Tiếng Anh Nâng cao 3 (K2019),_NKAVNC3,NK8206,NN,NK
1030010,GENG1341,Tiếng Anh Nâng cao 3 (K2019),_NKAVNC3,NK8206,NN,NK
1030011,GENG1341,Tiếng Anh Nâng cao 3 (K2019),_NKAVNC3,NK8206,NN,NK
1030012,GENG1341,Tiếng Anh Nâng cao 3 (K2019),_NKAVNC3,NK8206,NN,NK
1030013,GENG1341,Tiếng Anh Nâng cao 3 (K2019),_NKAVNC3,NK8206,NN,NK
1030017,GENG1341,Tiếng Anh Nâng cao 3 (K2019),_NKAVNC3,NK8206,NN,NK
1030020,GENG1341,Tiếng Anh Nâng cao 3 (K2019),_NKAVNC3,NK8206,NN,NK
1030024,GENG1341,Tiếng Anh Nâng cao 3 (K2019),_NKAVNC3,NK8206,NN,NK
1030025,GENG1341,Tiếng Anh Nâng cao 3 (K2019),_NKAVNC3,NK8206,NN,NK
1030030,GENG1341,Tiếng Anh Nâng cao 3 (K2019),_NKAVNC3,NK8206,NN,NK
1020002,GENG1341,Tiếng Anh Nâng cao 3 (K2019),_NKAVNC3,NK8206,NN,NK
1020006,GENG1341,Tiếng Anh Nâng cao 3 (K2019),_NKAVNC3,NK8206,NN,NK
1020007,GENG1341,Tiếng Anh Nâng cao 3 (K2019),_NKAVNC3,NK8206,NN,NK
1020009,GENG1341,Tiếng Anh Nâng cao 3 (K2019),_NKAVNC3,NK8206,NN,NK
1020011,GENG1341,Tiếng Anh Nâng cao 3 (K2019),_NKAVNC3,NK8206,NN,NK
1020017,GENG1341,Tiếng Anh Nâng cao 3 (K2019),_NKAVNC3,NK8206,NN,NK
1020020,GENG1341,Tiếng Anh Nâng cao 3 (K2019),_NKAVNC3,NK8206,NN,NK
1100006,GENG1341,Tiếng Anh Nâng cao 3 (K2019),_NKAVNC3,NK8206,NN,NK
1100007,GENG1341,Tiếng Anh Nâng cao 3 (K2019),_NKAVNC3,NK8206,NN,NK
1100009,GENG1341,Tiếng Anh Nâng cao 3 (K2019),_NKAVNC3,NK8206,NN,NK
1100011,GENG1341,Tiếng Anh Nâng cao 3 (K2019),_NKAVNC3,NK8206,NN,NK
1100014,GENG1341,Tiếng Anh Nâng cao 3 (K2019),_NKAVNC3,NK8206,NN,NK
1100015,GENG1341,Tiếng Anh Nâng cao 3 (K2019),_NKAVNC3,NK8206,NN,NK
1100018,GENG1341,Tiếng Anh Nâng cao 3 (K2019),_NKAVNC3,NK8206,NN,NK
1100019,GENG1341,Tiếng Anh Nâng cao 3 (K2019),_NKAVNC3,NK8206,NN,NK
1100024,GENG1341,Tiếng Anh Nâng cao 3 (K2019),_NKAVNC3,NK8206,NN,NK
1100025,GENG1341,Tiếng Anh Nâng cao 3 (K2019),_NKAVNC3,NK8206,NN,NK
1100026,GENG1341,Tiếng Anh Nâng cao 3 (K2019),_NKAVNC3,NK8206,NN,NK
1100030,GENG1341,Tiếng Anh Nâng cao 3 (K2019),_NKAVNC3,NK8206,NN,NK
1110005,GENG1343,Tiếng Anh Nâng cao 5 (K2019),_NKAVNC5,NKA204,NN,NK
1110008,GENG1343,Tiếng Anh Nâng cao 5 (K2019),_NKAVNC5,NKA204,NN,NK
1110014,GENG1343,Tiếng Anh Nâng cao 5 (K2019),_NKAVNC5,NKA204,NN,NK
1110016,GENG1343,Tiếng Anh Nâng cao 5 (K2019),_NKAVNC5,NKA204,NN,NK
1120001,GENG1343,Tiếng Anh Nâng cao 5 (K2019),_NKAVNC5,NKA204,NN,NK
1120002,GENG1343,Tiếng Anh Nâng cao 5 (K2019),_NKAVNC5,NKA204,NN,NK
1120003,GENG1343,Tiếng Anh Nâng cao 5 (K2019),_NKAVNC5,NKA204,NN,NK
1120004,GENG1343,Tiếng Anh Nâng cao 5 (K2019),_NKAVNC5,NKA204,NN,NK
1120005,GENG1343,Tiếng Anh Nâng cao 5 (K2019),_NKAVNC5,NKA204,NN,NK
1120006,GENG1343,Tiếng Anh Nâng cao 5 (K2019),_NKAVNC5,NKA204,NN,NK
1120007,GENG1343,Tiếng Anh Nâng cao 5 (K2019),_NKAVNC5,NKA204,NN,NK
1120009,GENG1343,Tiếng Anh Nâng cao 5 (K2019),_NKAVNC5,NKA204,NN,NK
1120010,GENG1343,Tiếng Anh Nâng cao 5 (K2019),_NKAVNC5,NKA204,NN,NK
1120011,GENG1343,Tiếng Anh Nâng cao 5 (K2019),_NKAVNC5,NKA204,NN,NK
1120012,GENG1343,Tiếng Anh Nâng cao 5 (K2019),_NKAVNC5,NKA204,NN,NK
1120013,GENG1343,Tiếng Anh Nâng cao 5 (K2019),_NKAVNC5,NKA204,NN,NK
1120014,GENG1343,Tiếng Anh Nâng cao 5 (K2019),_NKAVNC5,NKA204,NN,NK
1120015,GENG1343,Tiếng Anh Nâng cao 5 (K2019),_NKAVNC5,NKA204,NN,NK
1120016,GENG1343,Tiếng Anh Nâng cao 5 (K2019),_NKAVNC5,NKA204,NN,NK
1120017,GENG1343,Tiếng Anh Nâng cao 5 (K2019),_NKAVNC5,NKA204,NN,NK
1120018,GENG1343,Tiếng Anh Nâng cao 5 (K2019),_NKAVNC5,NKA204,NN,NK
1120019,GENG1343,Tiếng Anh Nâng cao 5 (K2019),_NKAVNC5,NKA204,NN,NK
1120020,GENG1343,Tiếng Anh Nâng cao 5 (K2019),_NKAVNC5,NKA204,NN,NK
1120021,GENG1343,Tiếng Anh Nâng cao 5 (K2019),_NKAVNC5,NKA204,NN,NK
1120022,GENG1343,Tiếng Anh Nâng cao 5 (K2019),_NKAVNC5,NKA204,NN,NK
1120023,GENG1343,Tiếng Anh Nâng cao 5 (K2019),_NKAVNC5,NKA204,NN,NK
1120024,GENG1343,Tiếng Anh Nâng cao 5 (K2019),_NKAVNC5,NKA204,NN,NK
1120025,GENG1343,Tiếng Anh Nâng cao 5 (K2019),_NKAVNC5,NKA204,NN,NK
1120026,GENG1343,Tiếng Anh Nâng cao 5 (K2019),_NKAVNC5,NKA204,NN,NK
1120027,GENG1343,Tiếng Anh Nâng cao 5 (K2019),_NKAVNC5,NKA204,NN,NK
1120028,GENG1343,Tiếng Anh Nâng cao 5 (K2019),_NKAVNC5,NKA204,NN,NK
1120029,GENG1343,Tiếng Anh Nâng cao 5 (K2019),_NKAVNC5,NKA204,NN,NK
1120030,GENG1343,Tiếng Anh Nâng cao 5 (K2019),_NKAVNC5,NKA204,NN,NK
1080008,GENG1343,Tiếng Anh Nâng cao 5 (K2019),_NKAVNC5,NKA204,NN,NK
1080021,GENG1343,Tiếng Anh Nâng cao 5 (K2019),_NKAVNC5,NKA204,NN,NK
1070004,GENG1343,Tiếng Anh Nâng cao 5 (K2019),_NKAVNC5,NKA204,NN,NK
1070005,GENG1343,Tiếng Anh Nâng cao 5 (K2019),_NKAVNC5,NKA204,NN,NK
1070008,GENG1343,Tiếng Anh Nâng cao 5 (K2019),_NKAVNC5,NKA204,NN,NK
1070010,GENG1343,Tiếng Anh Nâng cao 5 (K2019),_NKAVNC5,NKA204,NN,NK
1070011,GENG1343,Tiếng Anh Nâng cao 5 (K2019),_NKAVNC5,NKA204,NN,NK
1070013,GENG1343,Tiếng Anh Nâng cao 5 (K2019),_NKAVNC5,NKA204,NN,NK
1070015,GENG1343,Tiếng Anh Nâng cao 5 (K2019),_NKAVNC5,NKA204,NN,NK
1070025,GENG1343,Tiếng Anh Nâng cao 5 (K2019),_NKAVNC5,NKA204,NN,NK
1070029,GENG1343,Tiếng Anh Nâng cao 5 (K2019),_NKAVNC5,NKA204,NN,NK
1020001,ITEC4409,Công nghệ phần mềm,DH20IT02,IT2002,TH,NK
1020002,ITEC4409,Công nghệ phần mềm,DH20ITJ1 DH20IT01,IT2001,TH,NK
1020003,ITEC4409,Công nghệ phần mềm,DH20ITJ1 DH20IT01,IT2001,TH,NK
1020004,ITEC4409,Công nghệ phần mềm,DH20IT02,IT2002,TH,NK
1020005,ITEC4409,Công nghệ phần mềm,DH20IT02,IT2002,TH,NK
1020006,ITEC4409,Công nghệ phần mềm,DH20ITJ1 DH20IT01,IT2001,TH,NK
1020007,ITEC4409,Công nghệ phần mềm,DH20IT02,IT2002,TH,NK
1020008,ITEC4409,Công nghệ phần mềm,DH20IT02,IT2002,TH,NK
1020009,ITEC4409,Công nghệ phần mềm,DH20IT02,IT2002,TH,NK
1020010,ITEC4409,Công nghệ phần mềm,DH20ITJ1 DH20IT01,IT2001,TH,NK
1020011,ITEC4409,Công nghệ phần mềm,DH20IT02,IT2002,TH,NK
1020012,ITEC4409,Công nghệ phần mềm,DH20IT02,IT2002,TH,NK
1020013,ITEC4409,Công nghệ phần mềm,DH20ITJ1 DH20IT01,IT2001,TH,NK
1020014,ITEC4409,Công nghệ phần mềm,DH20IT02,IT2002,TH,NK
1020015,ITEC4409,Công nghệ phần mềm,DH20ITJ1 DH20IT01,IT2001,TH,NK
1020016,ITEC4409,Công nghệ phần mềm,DH20ITJ1 DH20IT01,IT2001,TH,NK
1020017,ITEC4409,Công nghệ phần mềm,DH20IT02,IT2002,TH,NK
1020018,ITEC4409,Công nghệ phần mềm,DH20ITJ1 DH20IT01,IT2001,TH,NK
1020019,ITEC4409,Công nghệ phần mềm,DH20ITJ1 DH20IT01,IT2001,TH,NK
1020020,ITEC4409,Công nghệ phần mềm,DH20ITJ1 DH20IT01,IT2001,TH,NK
1020021,ITEC4409,Công nghệ phần mềm,DH20IT02,IT2002,TH,NK
1020022,ITEC4409,Công nghệ phần mềm,DH20ITJ1 DH20IT01,IT2001,TH,NK
1020023,ITEC4409,Công nghệ phần mềm,DH20ITJ1 DH20IT01,IT2001,TH,NK
1020024,ITEC4409,Công nghệ phần mềm,DH20ITJ1 DH20IT01,IT2001,TH,NK
1020025,ITEC4409,Công nghệ phần mềm,DH20IT02,IT2002,TH,NK
1020026,ITEC4409,Công nghệ phần mềm,DH20IT02,IT2002,TH,NK
1020027,ITEC4409,Công nghệ phần mềm,DH20IT02,IT2002,TH,NK
1020028,ITEC4409,Công nghệ phần mềm,DH20ITJ1 DH20IT01,IT2001,TH,NK
1020029,ITEC4409,Công nghệ phần mềm,DH20ITJ1 DH20IT01,IT2001,TH,NK
1020030,ITEC4409,Công nghệ phần mềm,DH20IT02,IT2002,TH,NK
1020001,ITEC4415,Kiểm thử phần mềm,DH20IM01,IM2001,TH,NK
1020004,ITEC4415,Kiểm thử phần mềm,DH20IM01,IM2001,TH,NK
1020010,ITEC4415,Kiểm thử phần mềm,DH20IM01,IM2001,TH,NK
1020011,ITEC4415,Kiểm thử phần mềm,DH20IM01,IM2001,TH,NK
1020013,ITEC4415,Kiểm thử phần mềm,DH20IM01,IM2001,TH,NK
1020014,ITEC4415,Kiểm thử phần mềm,DH20IM01,IM2001,TH,NK
1020015,ITEC4415,Kiểm thử phần mềm,DH20IM01,IM2001,TH,NK
1020016,ITEC4415,Kiểm thử phần mềm,DH20IM01,IM2001,TH,NK
1020017,ITEC4415,Kiểm thử phần mềm,DH20IM01,IM2001,TH,NK
1020020,ITEC4415,Kiểm thử phần mềm,DH20IM01,IM2001,TH,NK
1020021,ITEC4415,Kiểm thử phần mềm,DH20IM01,IM2001,TH,NK
1020024,ITEC4415,Kiểm thử phần mềm,DH20IM01,IM2001,TH,NK
1020025,ITEC4415,Kiểm thử phần mềm,DH20IM01,IM2001,TH,NK
1020026,ITEC4415,Kiểm thử phần mềm,DH20IM01,IM2001,TH,NK
1020030,ITEC4415,Kiểm thử phần mềm,DH20IM01,IM2001,TH,NK
1120001,MATH1315,Xác suất và Thống kê,DH22AU02,AU2202,CB,NK
1120002,MATH1315,Xác suất và Thống kê,DH22AU02,AU2202,CB,NK
1120003,MATH1315,Xác suất và Thống kê,DH22AU02,AU2202,CB,NK
1120004,MATH1315,Xác suất và Thống kê,DH22AU02,AU2202,CB,NK
1120005,MATH1315,Xác suất và Thống kê,DH22AU02,AU2202,CB,NK
1120006,MATH1315,Xác suất và Thống kê,DH22AU02,AU2202,CB,NK
1120007,MATH1315,Xác suất và Thống kê,DH22AU02,AU2202,CB,NK
1120008,MATH1315,Xác suất và Thống kê,DH22AU02,AU2202,CB,NK
1120009,MATH1315,Xác suất và Thống kê,DH22AU02,AU2202,CB,NK
1120010,MATH1315,Xác suất và Thống kê,DH22AU02,AU2202,CB,NK
1120011,MATH1315,Xác suất và Thống kê,DH22AU02,AU2202,CB,NK
1120012,MATH1315,Xác suất và Thống kê,DH22AU02,AU2202,CB,NK
1120013,MATH1315,Xác suất và Thống kê,DH22AU02,AU2202,CB,NK
1120014,MATH1315,Xác suất và Thống kê,DH22AU02,AU2202,CB,NK
1120015,MATH1315,Xác suất và Thống kê,DH22AU02,AU2202,CB,NK
1120016,MATH1315,Xác suất và Thống kê,DH22AU02,AU2202,CB,NK
1120017,MATH1315,Xác suất và Thống kê,DH22AU02,AU2202,CB,NK
1120018,MATH1315,Xác suất và Thống kê,DH22AU02,AU2202,CB,NK
1120019,MATH1315,Xác suất và Thống kê,DH22AU02,AU2202,CB,NK
1120020,MATH1315,Xác suất và Thống kê,DH22AU02,AU2202,CB,NK
1120021,MATH1315,Xác suất và Thống kê,DH22AU02,AU2202,CB,NK
1120023,MATH1315,Xác suất và Thống kê,DH22AU02,AU2202,CB,NK
1120024,MATH1315,Xác suất và Thống kê,DH22AU02,AU2202,CB,NK
1120025,MATH1315,Xác suất và Thống kê,DH22AU02,AU2202,CB,NK
1120026,MATH1315,Xác suất và Thống kê,DH22AU02,AU2202,CB,NK
1120027,MATH1315,Xác suất và Thống kê,DH22AU02,AU2202,CB,NK
1120028,MATH1315,Xác suất và Thống kê,DH22AU02,AU2202,CB,NK
1120029,MATH1315,Xác suất và Thống kê,DH22AU02,AU2202,CB,NK
1120030,MATH1315,Xác suất và Thống kê,DH22AU02,AU2202,CB,NK
1080002,MATH1315,Xác suất và Thống kê,DH22AU02,AU2202,CB,NK
1080020,MATH1315,Xác suất và Thống kê,DH22AU02,AU2202,CB,NK
1120002,SEAS2324,Văn hóa các nước Đông Nam Á hải đảo,DH20DN02,SA2002,XH,NK
1120003,SEAS2324,Văn hóa các nước Đông Nam Á hải đảo,DH20DN02,SA2002,XH,NK
1120004,SEAS2324,Văn hóa các nước Đông Nam Á hải đảo,DH20DN02,SA2002,XH,NK
1120005,SEAS2324,Văn hóa các nước Đông Nam Á hải đảo,DH20DN02,SA2002,XH,NK
1120006,SEAS2324,Văn hóa các nước Đông Nam Á hải đảo,DH20DN02,SA2002,XH,NK
1120008,SEAS2324,Văn hóa các nước Đông Nam Á hải đảo,DH20DN02,SA2002,XH,NK
1120009,SEAS2324,Văn hóa các nước Đông Nam Á hải đảo,DH20DN02,SA2002,XH,NK
1120010,SEAS2324,Văn hóa các nước Đông Nam Á hải đảo,DH20DN02,SA2002,XH,NK
1120012,SEAS2324,Văn hóa các nước Đông Nam Á hải đảo,DH20DN02,SA2002,XH,NK
1120014,SEAS2324,Văn hóa các nước Đông Nam Á hải đảo,DH20DN02,SA2002,XH,NK
1120015,SEAS2324,Văn hóa các nước Đông Nam Á hải đảo,DH20DN02,SA2002,XH,NK
1120017,SEAS2324,Văn hóa các nước Đông Nam Á hải đảo,DH20DN02,SA2002,XH,NK
1120018,SEAS2324,Văn hóa các nước Đông Nam Á hải đảo,DH20DN02,SA2002,XH,NK
1120019,SEAS2324,Văn hóa các nước Đông Nam Á hải đảo,DH20DN02,SA2002,XH,NK
1120021,SEAS2324,Văn hóa các nước Đông Nam Á hải đảo,DH20DN02,SA2002,XH,NK
1120023,SEAS2324,Văn hóa các nước Đông Nam Á hải đảo,DH20DN02,SA2002,XH,NK
1120026,SEAS2324,Văn hóa các nước Đông Nam Á hải đảo,DH20DN02,SA2002,XH,NK
1120027,SEAS2324,Văn hóa các nước Đông Nam Á hải đảo,DH20DN02,SA2002,XH,NK
1120029,SEAS2324,Văn hóa các nước Đông Nam Á hải đảo,DH20DN02,SA2002,XH,NK
1120030,SEAS2324,Văn hóa các nước Đông Nam Á hải đảo,DH20DN02,SA2002,XH,NK
1110003,SOCI1317,Tâm lý học đại cương,DH22SC01,SC2201,XH,NK
1110025,SOCI1317,Tâm lý học đại cương,DH22SC01,SC2201,XH,NK
1110029,SOCI1317,Tâm lý học đại cương,DH22SC01,SC2201,XH,NK
1110030,SOCI1317,Tâm lý học đại cương,DH22SC01,SC2201,XH,NK
1020004,SOCI1317,Tâm lý học đại cương,DH22SC01,SC2201,XH,NK
1020007,SOCI1317,Tâm lý học đại cương,DH22SC01,SC2201,XH,NK
1020010,SOCI1317,Tâm lý học đại cương,DH22SC01,SC2201,XH,NK
1020014,SOCI1317,Tâm lý học đại cương,DH22SC01,SC2201,XH,NK
1020023,SOCI1317,Tâm lý học đại cương,DH22SC01,SC2201,XH,NK
1020024,SOCI1317,Tâm lý học đại cương,DH22SC01,SC2201,XH,NK
1020027,SOCI1317,Tâm lý học đại cương,DH22SC01,SC2201,XH,NK
1120001,SOCI1317,Tâm lý học đại cương,DH22SC01,SC2201,XH,NK
1120003,SOCI1317,Tâm lý học đại cương,DH22SC01,SC2201,XH,NK
1120004,SOCI1317,Tâm lý học đại cương,DH22SC01,SC2201,XH,NK
1120005,SOCI1317,Tâm lý học đại cương,DH22SC01,SC2201,XH,NK
1120006,SOCI1317,Tâm lý học đại cương,DH22SC01,SC2201,XH,NK
1120007,SOCI1317,Tâm lý học đại cương,DH22SC01,SC2201,XH,NK
1120008,SOCI1317,Tâm lý học đại cương,DH22SC01,SC2201,XH,NK
1120009,SOCI1317,Tâm lý học đại cương,DH22SC01,SC2201,XH,NK
1120010,SOCI1317,Tâm lý học đại cương,DH22SC01,SC2201,XH,NK
1120011,SOCI1317,Tâm lý học đại cương,DH22SC01,SC2201,XH,NK
1120012,SOCI1317,Tâm lý học đại cương,DH22SC01,SC2201,XH,NK
1120013,SOCI1317,Tâm lý học đại cương,DH22SC01,SC2201,XH,NK
1120014,SOCI1317,Tâm lý học đại cương,DH22SC01,SC2201,XH,NK
1120015,SOCI1317,Tâm lý học đại cương,DH22SC01,SC2201,XH,NK
1120016,SOCI1317,Tâm lý học đại cương,DH22SC01,SC2201,XH,NK
1120017,SOCI1317,Tâm lý học đại cương,DH22SC01,SC2201,XH,NK
1120018,SOCI1317,Tâm lý học đại cương,DH22SC01,SC2201,XH,NK
1120019,SOCI1317,Tâm lý học đại cương,DH22SC01,SC2201,XH,NK
1120020,SOCI1317,Tâm lý học đại cương,DH22SC01,SC2201,XH,NK
1120021,SOCI1317,Tâm lý học đại cương,DH22SC01,SC2201,XH,NK
1120022,SOCI1317,Tâm lý học đại cương,DH22SC01,SC2201,XH,NK
1120023,SOCI1317,Tâm lý học đại cương,DH22SC01,SC2201,XH,NK
1120024,SOCI1317,Tâm lý học đại cương,DH22SC01,SC2201,XH,NK
1120025,SOCI1317,Tâm lý học đại cương,DH22SC01,SC2201,XH,NK
1120026,SOCI1317,Tâm lý học đại cương,DH22SC01,SC2201,XH,NK
1120027,SOCI1317,Tâm lý học đại cương,DH22SC01,SC2201,XH,NK
1120028,SOCI1317,Tâm lý học đại cương,DH22SC01,SC2201,XH,NK
1120029,SOCI1317,Tâm lý học đại cương,DH22SC01,SC2201,XH,NK
1120030,SOCI1317,Tâm lý học đại cương,DH22SC01,SC2201,XH,NK
1100003,SOCI1317,Tâm lý học đại cương,DH22SC01,SC2201,XH,NK
1100023,SOCI1317,Tâm lý học đại cương,DH22SC01,SC2201,XH,NK
1080005,SOCI1317,Tâm lý học đại cương,DH22SC01,SC2201,XH,NK
1080016,SOCI1317,Tâm lý học đại cương,DH22SC01,SC2201,XH,NK
1120001,SOCI2327,Xã hội học tổ chức,DH20XH02,SC2002,XH,NK
1120002,SOCI2327,Xã hội học tổ chức,DH20XH01,SC2001,XH,NK
1120003,SOCI2327,Xã hội học tổ chức,DH20XH02,SC2002,XH,NK
1120004,SOCI2327,Xã hội học tổ chức,DH20XH02,SC2002,XH,NK
1120005,SOCI2327,Xã hội học tổ chức,DH20XH01,SC2001,XH,NK
1120006,SOCI2327,Xã hội học tổ chức,DH20XH01,SC2001,XH,NK
1120007,SOCI2327,Xã hội học tổ chức,DH20XH01,SC2001,XH,NK
1120008,SOCI2327,Xã hội học tổ chức,DH20XH01,SC2001,XH,NK
1120009,SOCI2327,Xã hội học tổ chức,DH20XH02,SC2002,XH,NK
1120010,SOCI2327,Xã hội học tổ chức,DH20XH01,SC2001,XH,NK
1120011,SOCI2327,Xã hội học tổ chức,DH20XH02,SC2002,XH,NK
1120012,SOCI2327,Xã hội học tổ chức,DH20XH01,SC2001,XH,NK
1120013,SOCI2327,Xã hội học tổ chức,DH20XH02,SC2002,XH,NK
1120014,SOCI2327,Xã hội học tổ chức,DH20XH02,SC2002,XH,NK
1120015,SOCI2327,Xã hội học tổ chức,DH20XH01,SC2001,XH,NK
1120016,SOCI2327,Xã hội học tổ chức,DH20XH01,SC2001,XH,NK
1120017,SOCI2327,Xã hội học tổ chức,DH20XH01,SC2001,XH,NK
1120018,SOCI2327,Xã hội học tổ chức,DH20XH01,SC2001,XH,NK
1120019,SOCI2327,Xã hội học tổ chức,DH20XH02,SC2002,XH,NK
1120020,SOCI2327,Xã hội học tổ chức,DH20XH01,SC2001,XH,NK
1120021,SOCI2327,Xã hội học tổ chức,DH20XH02,SC2002,XH,NK
1120022,SOCI2327,Xã hội học tổ chức,DH20XH02,SC2002,XH,NK
1120023,SOCI2327,Xã hội học tổ chức,DH20XH01,SC2001,XH,NK
1120024,SOCI2327,Xã hội học tổ chức,DH20XH02,SC2002,XH,NK
1120025,SOCI2327,Xã hội học tổ chức,DH20XH02,SC2002,XH,NK
1120026,SOCI2327,Xã hội học tổ chức,DH20XH01,SC2001,XH,NK
1120027,SOCI2327,Xã hội học tổ chức,DH20XH01,SC2001,XH,NK
1120028,SOCI2327,Xã hội học tổ chức,DH20XH02,SC2002,XH,NK
1120029,SOCI2327,Xã hội học tổ chức,DH20XH02,SC2002,XH,NK
1120030,SOCI2327,Xã hội học tổ chức,DH20XH02,SC2002,XH,NK
1120001,SOCI2328,Xã hội học lao động,DH20XH01,SC2001,XH,NK
1120002,SOCI2328,Xã hội học lao động,DH20XH02,SC2002,XH,NK
1120003,SOCI2328,Xã hội học lao động,DH20XH02,SC2002,XH,NK
1120004,SOCI2328,Xã hội học lao động,DH20XH01,SC2001,XH,NK
1120005,SOCI2328,Xã hội học lao động,DH20XH01,SC2001,XH,NK
1120006,SOCI2328,Xã hội học lao động,DH20XH02,SC2002,XH,NK
1120007,SOCI2328,Xã hội học lao động,DH20XH02,SC2002,XH,NK
1120008,SOCI2328,Xã hội học lao động,DH20XH02,SC2002,XH,NK
1120009,SOCI2328,Xã hội học lao động,DH20XH02,SC2002,XH,NK
1120010,SOCI2328,Xã hội học lao động,DH20XH02,SC2002,XH,NK
1120011,SOCI2328,Xã hội học lao động,DH20XH02,SC2002,XH,NK
1120012,SOCI2328,Xã hội học lao động,DH20XH02,SC2002,XH,NK
1120013,SOCI2328,Xã hội học lao động,DH20XH02,SC2002,XH,NK
1120014,SOCI2328,Xã hội học lao động,DH20XH01,SC2001,XH,NK
1120015,SOCI2328,Xã hội học lao động,DH20XH02,SC2002,XH,NK
1120016,SOCI2328,Xã hội học lao động,DH20XH01,SC2001,XH,NK
1120017,SOCI2328,Xã hội học lao động,DH20XH01,SC2001,XH,NK
1120018,SOCI2328,Xã hội học lao động,DH20XH01,SC2001,XH,NK
1120019,SOCI2328,Xã hội học lao động,DH20XH01,SC2001,XH,NK
1120020,SOCI2328,Xã hội học lao động,DH20XH01,SC2001,XH,NK
1120021,SOCI2328,Xã hội học lao động,DH20XH01,SC2001,XH,NK
1120022,SOCI2328,Xã hội học lao động,DH20XH01,SC2001,XH,NK
1120023,SOCI2328,Xã hội học lao động,DH20XH02,SC2002,XH,NK
1120024,SOCI2328,Xã hội học lao động,DH20XH01,SC2001,XH,NK
1120025,SOCI2328,Xã hội học lao động,DH20XH02,SC2002,XH,NK
1120026,SOCI2328,Xã hội học lao động,DH20XH01,SC2001,XH,NK
1120027,SOCI2328,Xã hội học lao động,DH20XH01,SC2001,XH,NK
1120028,SOCI2328,Xã hội học lao động,DH20XH02,SC2002,XH,NK
1120029,SOCI2328,Xã hội học lao động,DH20XH01,SC2001,XH,NK
1120030,SOCI2328,Xã hội học lao động,DH20XH02,SC2002,XH,NK
1120001,SOCI2329,Chính sách xã hội,DH20XH01,SC2001,XH,NK
1120002,SOCI2329,Chính sách xã hội,DH20XH01,SC2001,XH,NK
1120003,SOCI2329,Chính sách xã hội,DH20XH01,SC2001,XH,NK
1120004,SOCI2329,Chính sách xã hội,DH20XH02,SC2002,XH,NK
1120005,SOCI2329,Chính sách xã hội,DH20XH02,SC2002,XH,NK
1120006,SOCI2329,Chính sách xã hội,DH20XH02,SC2002,XH,NK
1120007,SOCI2329,Chính sách xã hội,DH20XH01,SC2001,XH,NK
1120008,SOCI2329,Chính sách xã hội,DH20XH02,SC2002,XH,NK
1120009,SOCI2329,Chính sách xã hội,DH20XH01,SC2001,XH,NK
1120010,SOCI2329,Chính sách xã hội,DH20XH01,SC2001,XH,NK
1120011,SOCI2329,Chính sách xã hội,DH20XH01,SC2001,XH,NK
1120012,SOCI2329,Chính sách xã hội,DH20XH02,SC2002,XH,NK
1120013,SOCI2329,Chính sách xã hội,DH20XH01,SC2001,XH,NK
1120014,SOCI2329,Chính sách xã hội,DH20XH02,SC2002,XH,NK
1120015,SOCI2329,Chính sách xã hội,DH20XH02,SC2002,XH,NK
1120016,SOCI2329,Chính sách xã hội,DH20XH01,SC2001,XH,NK
1120017,SOCI2329,Chính sách xã hội,DH20XH02,SC2002,XH,NK
1120018,SOCI2329,Chính sách xã hội,DH20XH02,SC2002,XH,NK
1120019,SOCI2329,Chính sách xã hội,DH20XH01,SC2001,XH,NK
1120020,SOCI2329,Chính sách xã hội,DH20XH01,SC2001,XH,NK
1120021,SOCI2329,Chính sách xã hội,DH20XH02,SC2002,XH,NK
1120022,SOCI2329,Chính sách xã hội,DH20XH01,SC2001,XH,NK
1120023,SOCI2329,Chính sách xã hội,DH20XH01,SC2001,XH,NK
1120024,SOCI2329,Chính sách xã hội,DH20XH02,SC2002,XH,NK
1120025,SOCI2329,Chính sách xã hội,DH20XH01,SC2001,XH,NK
1120026,SOCI2329,Chính sách xã hội,DH20XH02,SC2002,XH,NK
1120027,SOCI2329,Chính sách xã hội,DH20XH02,SC2002,XH,NK
1120028,SOCI2329,Chính sách xã hội,DH20XH01,SC2001,XH,NK
1120029,SOCI2329,Chính sách xã hội,DH20XH02,SC2002,XH,NK
1120030,SOCI2329,Chính sách xã hội,DH20XH02,SC2002,XH,NK
1120001,SOCI3201,Xã hội học lối sống,DH20XH02,SC2002,XH,NK
1120002,SOCI3201,Xã hội học lối sống,DH20XH01,SC2001,XH,NK
1120003,SOCI3201,Xã hội học lối sống,DH20XH02,SC2002,XH,NK
1120004,SOCI3201,Xã hội học lối sống,DH20XH01,SC2001,XH,NK
1120005,SOCI3201,Xã hội học lối sống,DH20XH01,SC2001,XH,NK
1120006,SOCI3201,Xã hội học lối sống,DH20XH01,SC2001,XH,NK
1120007,SOCI3201,Xã hội học lối sống,DH20XH02,SC2002,XH,NK
1120008,SOCI3201,Xã hội học lối sống,DH20XH02,SC2002,XH,NK
1120009,SOCI3201,Xã hội học lối sống,DH20XH02,SC2002,XH,NK
1120010,SOCI3201,Xã hội học lối sống,DH20XH02,SC2002,XH,NK
1120011,SOCI3201,Xã hội học lối sống,DH20XH01,SC2001,XH,NK
1120012,SOCI3201,Xã hội học lối sống,DH20XH02,SC2002,XH,NK
1120013,SOCI3201,Xã hội học lối sống,DH20XH02,SC2002,XH,NK
1120014,SOCI3201,Xã hội học lối sống,DH20XH02,SC2002,XH,NK
1120015,SOCI3201,Xã hội học lối sống,DH20XH01,SC2001,XH,NK
1120016,SOCI3201,Xã hội học lối sống,DH20XH01,SC2001,XH,NK
1120017,SOCI3201,Xã hội học lối sống,DH20XH02,SC2002,XH,NK
1120018,SOCI3201,Xã hội học lối sống,DH20XH01,SC2001,XH,NK
1120019,SOCI3201,Xã hội học lối sống,DH20XH01,SC2001,XH,NK
1120020,SOCI3201,Xã hội học lối sống,DH20XH01,SC2001,XH,NK
1120021,SOCI3201,Xã hội học lối sống,DH20XH02,SC2002,XH,NK
1120022,SOCI3201,Xã hội học lối sống,DH20XH02,SC2002,XH,NK
1120023,SOCI3201,Xã hội học lối sống,DH20XH02,SC2002,XH,NK
1120024,SOCI3201,Xã hội học lối sống,DH20XH02,SC2002,XH,NK
1120025,SOCI3201,Xã hội học lối sống,DH20XH01,SC2001,XH,NK
1120026,SOCI3201,Xã hội học lối sống,DH20XH01,SC2001,XH,NK
1120027,SOCI3201,Xã hội học lối sống,DH20XH01,SC2001,XH,NK
1120028,SOCI3201,Xã hội học lối sống,DH20XH01,SC2001,XH,NK
1120029,SOCI3201,Xã hội học lối sống,DH20XH02,SC2002,XH,NK
1120030,SOCI3201,Xã hội học lối sống,DH20XH01,SC2001,XH,NK
